-- --------------------------------------------------------
-- Host:                         127.0.0.1
-- Server version:               8.4.3 - MySQL Community Server - GPL
-- Server OS:                    Win64
-- HeidiSQL Version:             12.8.0.6908
-- --------------------------------------------------------

/*!40101 SET @OLD_CHARACTER_SET_CLIENT=@@CHARACTER_SET_CLIENT */;
/*!40101 SET NAMES utf8 */;
/*!50503 SET NAMES utf8mb4 */;
/*!40103 SET @OLD_TIME_ZONE=@@TIME_ZONE */;
/*!40103 SET TIME_ZONE='+00:00' */;
/*!40014 SET @OLD_FOREIGN_KEY_CHECKS=@@FOREIGN_KEY_CHECKS, FOREIGN_KEY_CHECKS=0 */;
/*!40101 SET @OLD_SQL_MODE=@@SQL_MODE, SQL_MODE='NO_AUTO_VALUE_ON_ZERO' */;
/*!40111 SET @OLD_SQL_NOTES=@@SQL_NOTES, SQL_NOTES=0 */;


-- Dumping database structure for medcare_db
CREATE DATABASE IF NOT EXISTS `medcare_db` /*!40100 DEFAULT CHARACTER SET utf8mb4 COLLATE utf8mb4_0900_ai_ci */ /*!80016 DEFAULT ENCRYPTION='N' */;
USE `medcare_db`;

-- Dumping structure for table medcare_db.appointments
CREATE TABLE IF NOT EXISTS `appointments` (
  `id` int NOT NULL AUTO_INCREMENT,
  `name` varchar(255) NOT NULL,
  `email` varchar(255) DEFAULT NULL,
  `phone` varchar(255) DEFAULT NULL,
  `gender` enum('Nam','Nữ','Khác') DEFAULT NULL,
  `date_of_birth` date DEFAULT NULL,
  `address` varchar(255) DEFAULT NULL,
  `appointment_date` date NOT NULL,
  `appointment_time` varchar(255) DEFAULT NULL,
  `symptoms` text,
  `status` enum('pending','confirmed','cancelled','done') DEFAULT 'pending',
  `createdAt` datetime NOT NULL,
  `updatedAt` datetime NOT NULL,
  `userId` int DEFAULT NULL,
  `service_id` int DEFAULT NULL,
  `package_id` int DEFAULT NULL,
  `department_id` int DEFAULT NULL,
  `doctor_id` int DEFAULT NULL,
  `doctor_note` text,
  PRIMARY KEY (`id`),
  KEY `userId` (`userId`),
  KEY `service_id` (`service_id`),
  KEY `package_id` (`package_id`),
  KEY `department_id` (`department_id`),
  KEY `doctor_id` (`doctor_id`),
  CONSTRAINT `appointments_ibfk_1706` FOREIGN KEY (`userId`) REFERENCES `users` (`id`) ON DELETE SET NULL ON UPDATE CASCADE,
  CONSTRAINT `appointments_ibfk_1707` FOREIGN KEY (`service_id`) REFERENCES `services` (`id`) ON DELETE SET NULL ON UPDATE CASCADE,
  CONSTRAINT `appointments_ibfk_1708` FOREIGN KEY (`package_id`) REFERENCES `service_packages` (`id`) ON DELETE SET NULL ON UPDATE CASCADE,
  CONSTRAINT `appointments_ibfk_1709` FOREIGN KEY (`department_id`) REFERENCES `departments` (`id`) ON DELETE SET NULL ON UPDATE CASCADE,
  CONSTRAINT `appointments_ibfk_1710` FOREIGN KEY (`doctor_id`) REFERENCES `doctors` (`id`) ON DELETE SET NULL ON UPDATE CASCADE
) ENGINE=InnoDB AUTO_INCREMENT=39 DEFAULT CHARSET=utf8mb4 COLLATE=utf8mb4_0900_ai_ci;

-- Dumping data for table medcare_db.appointments: ~25 rows (approximately)
DELETE FROM `appointments`;
INSERT INTO `appointments` (`id`, `name`, `email`, `phone`, `gender`, `date_of_birth`, `address`, `appointment_date`, `appointment_time`, `symptoms`, `status`, `createdAt`, `updatedAt`, `userId`, `service_id`, `package_id`, `department_id`, `doctor_id`, `doctor_note`) VALUES
	(1, 'Khang Đinh', 'user@gmail.com', '0907651012', NULL, NULL, NULL, '2025-06-20', '13:29', NULL, 'pending', '2025-06-17 06:25:11', '2025-06-17 06:25:11', 1, 1, NULL, 1, 1, NULL),
	(2, 'Khang Đinh', 'user@gmail.com', '0907651012', 'Nữ', '2025-06-18', 'Nam sông Hậu', '2025-06-13', '16:25', NULL, 'pending', '2025-06-17 06:25:37', '2025-06-17 06:25:37', 1, 2, NULL, 2, 1, NULL),
	(3, 'Khang Đinh', 'user@gmail.com', '0907651012', 'Nam', '2025-06-04', 'Nam sông Hậu', '2025-06-25', '17:28', NULL, 'pending', '2025-06-17 06:25:57', '2025-06-17 06:25:57', 1, NULL, 2, NULL, NULL, NULL),
	(4, 'tin', 'tin@gmail.com', '0907651012', 'Nam', '2025-06-04', 'Nam sông Hậu', '2025-06-19', '22:32', NULL, 'pending', '2025-06-21 10:27:51', '2025-06-21 10:27:51', 1, NULL, 3, NULL, NULL, NULL),
	(8, 'Khang Đinh', 'user@gmail.com', '0907651012', NULL, NULL, NULL, '2025-06-26', '22:51', NULL, 'pending', '2025-06-21 14:51:13', '2025-06-21 14:51:13', 13, 3, NULL, 2, 1, NULL),
	(13, 'Khang Đinh', 'user@gmail.com', '0907651012', NULL, NULL, NULL, '2025-06-23', '17:27', NULL, 'done', '2025-06-23 05:22:14', '2025-06-23 06:04:54', 1, 24, NULL, 13, 46, NULL),
	(14, 'Khang Đinh', 'user@gmail.com', '0907651012', NULL, NULL, NULL, '2025-06-23', '16:20', NULL, 'done', '2025-06-23 05:31:38', '2025-06-23 05:49:34', 1, 24, NULL, 13, 46, NULL),
	(15, 'Khang Đinh', 'user@gmail.com', '0907651012', NULL, NULL, NULL, '2025-06-23', '16:21', NULL, 'done', '2025-06-23 05:31:58', '2025-06-23 06:03:11', 1, 23, NULL, 13, 46, NULL),
	(16, 'Khang Đinh', 'user@gmail.com', '0907651012', NULL, NULL, NULL, '2025-06-23', '16:32', NULL, 'cancelled', '2025-06-23 05:34:37', '2025-06-23 06:04:56', 1, 23, NULL, 13, 46, NULL),
	(17, 'Khang Đinh', 'user@gmail.com', '0907651012', NULL, NULL, NULL, '2025-06-23', '16:49', NULL, 'cancelled', '2025-06-23 05:35:00', '2025-06-23 06:04:58', 1, 24, NULL, 13, 46, NULL),
	(18, 'Khang Đinh', 'user@gmail.com', '0907651012', NULL, NULL, NULL, '2025-06-23', '17:42', NULL, 'cancelled', '2025-06-23 05:54:32', '2025-06-23 06:04:59', 1, 24, NULL, 13, 46, NULL),
	(19, 'Khang Đinh', 'user@gmail.com', '0907651012', NULL, NULL, NULL, '2025-06-23', '17:53', NULL, 'cancelled', '2025-06-23 05:59:41', '2025-06-23 06:06:35', 1, 24, NULL, 13, 46, NULL),
	(20, 'Khang Đinh', 'user@gmail.com', '0907651012', NULL, NULL, NULL, '2025-06-23', '16:20', NULL, 'cancelled', '2025-06-23 06:04:06', '2025-06-23 06:05:01', 1, 24, NULL, 13, 46, NULL),
	(21, 'Khang Đinh', 'user@gmail.com', '0907651012', NULL, NULL, NULL, '2025-06-23', '17:53', NULL, 'pending', '2025-06-23 06:07:00', '2025-06-23 06:07:00', 1, 24, NULL, 13, 46, NULL),
	(22, 'Khang Đinh', 'user@gmail.com', '0907651012', NULL, NULL, NULL, '2025-06-23', '17:42', NULL, 'pending', '2025-06-23 06:08:34', '2025-06-23 06:08:34', 1, 23, NULL, 13, 46, NULL),
	(23, 'Khang Đinh', 'user@gmail.com', '0907651012', 'Nam', '2025-06-03', 'Nam sông Hậu', '2025-06-24', '23:27', NULL, 'pending', '2025-06-23 11:22:04', '2025-06-23 11:22:04', 1, 23, NULL, 13, 46, NULL),
	(28, 'Khang Đinh', 'user@gmail.com', '0907651012', 'Nam', '2025-05-21', 'Nam sông Hậu', '2025-06-26', '12:54', 'đâsdsad', 'pending', '2025-06-23 13:51:04', '2025-06-23 13:51:04', 36, 34, NULL, 3, 33, NULL),
	(29, 'Khang Đinh', 'user@gmail.com', '0907651012', 'Nam', '2025-06-19', 'Nam sông Hậu', '2025-06-11', '12:03', 'okok', 'pending', '2025-06-23 13:59:41', '2025-06-23 13:59:41', 1, 1, NULL, 1, 1, NULL),
	(30, 'Khang Đinh', 'user@gmail.com', '0907651012', 'Nam', '2025-06-19', 'Nam sông Hậu', '2025-06-24', '01:05', 'hihihi', 'cancelled', '2025-06-23 14:03:29', '2025-06-23 14:04:27', 3, 1, NULL, 1, 1, NULL),
	(32, 'Thiên ái', 'user@gmail.com', '0907651012', 'Nữ', '2025-06-21', 'Nam sông Hậu', '2025-06-29', '16:25', NULL, 'pending', '2025-06-29 16:20:48', '2025-06-29 16:20:48', 36, NULL, 1, NULL, NULL, NULL),
	(33, 'Gia Huy', 'user@gmail.com', '0923555333', 'Nam', '2025-06-18', 'Hậu Giang', '2025-06-26', '15:21', '', 'pending', '2025-06-29 16:21:39', '2025-06-29 16:21:39', 36, 8, NULL, 2, 62, NULL),
	(34, 'aaaa', 'user@gmail.com', '0907651012', 'Nam', '2025-06-11', 'Nam sông Hậu', '2025-06-11', '15:27', 'aaaaa', 'cancelled', '2025-06-29 16:24:01', '2025-06-29 16:35:57', 49, 8, NULL, 2, 62, NULL),
	(35, 'Huy Phạm', 'huy@gmail.com', '0907651012', 'Nam', '2025-06-19', 'Kinh Cùng', '2025-07-01', '15:41', 'Ho', 'pending', '2025-06-29 16:37:09', '2025-06-29 16:37:09', 36, 31, NULL, 3, 33, NULL),
	(37, 'Nguyễn Trung Tín', 'ntin7142@gmail.com', '0907651912', 'Nam', '2003-10-03', 'Hau Giang', '2025-07-31', '19:37', 'Khám bệnh tổng quát', 'pending', '2025-07-04 09:33:43', '2025-07-04 09:33:43', 1, 1, NULL, 1, 1, NULL),
	(38, 'Nguyễn Trung Tín', 'Ntin7142@gmail.com', '0907651018', 'Nam', '2003-10-03', 'Hau Giang', '2025-07-05', '19:40', 'Khám bệnh ', 'pending', '2025-07-04 09:34:48', '2025-07-04 09:34:48', 1, 1, NULL, 1, 1, NULL);

-- Dumping structure for table medcare_db.blog_posts
CREATE TABLE IF NOT EXISTS `blog_posts` (
  `id` int NOT NULL AUTO_INCREMENT,
  `title` varchar(255) NOT NULL,
  `slug` varchar(255) NOT NULL,
  `thumbnail` varchar(255) DEFAULT NULL,
  `summary` text,
  `content` longtext,
  `tags` json DEFAULT NULL,
  `status` enum('draft','published') DEFAULT 'draft',
  `createdAt` datetime NOT NULL,
  `updatedAt` datetime NOT NULL,
  `userId` int DEFAULT NULL,
  PRIMARY KEY (`id`),
  UNIQUE KEY `slug` (`slug`),
  UNIQUE KEY `slug_2` (`slug`),
  UNIQUE KEY `slug_3` (`slug`),
  UNIQUE KEY `slug_4` (`slug`),
  UNIQUE KEY `slug_5` (`slug`),
  UNIQUE KEY `slug_6` (`slug`),
  UNIQUE KEY `slug_7` (`slug`),
  UNIQUE KEY `slug_8` (`slug`),
  UNIQUE KEY `slug_9` (`slug`),
  UNIQUE KEY `slug_10` (`slug`),
  UNIQUE KEY `slug_11` (`slug`),
  UNIQUE KEY `slug_12` (`slug`),
  UNIQUE KEY `slug_13` (`slug`),
  UNIQUE KEY `slug_14` (`slug`),
  UNIQUE KEY `slug_15` (`slug`),
  UNIQUE KEY `slug_16` (`slug`),
  UNIQUE KEY `slug_17` (`slug`),
  UNIQUE KEY `slug_18` (`slug`),
  UNIQUE KEY `slug_19` (`slug`),
  UNIQUE KEY `slug_20` (`slug`),
  UNIQUE KEY `slug_21` (`slug`),
  UNIQUE KEY `slug_22` (`slug`),
  UNIQUE KEY `slug_23` (`slug`),
  UNIQUE KEY `slug_24` (`slug`),
  UNIQUE KEY `slug_25` (`slug`),
  UNIQUE KEY `slug_26` (`slug`),
  UNIQUE KEY `slug_27` (`slug`),
  UNIQUE KEY `slug_28` (`slug`),
  UNIQUE KEY `slug_29` (`slug`),
  UNIQUE KEY `slug_30` (`slug`),
  UNIQUE KEY `slug_31` (`slug`),
  UNIQUE KEY `slug_32` (`slug`),
  UNIQUE KEY `slug_33` (`slug`),
  UNIQUE KEY `slug_34` (`slug`),
  UNIQUE KEY `slug_35` (`slug`),
  UNIQUE KEY `slug_36` (`slug`),
  UNIQUE KEY `slug_37` (`slug`),
  UNIQUE KEY `slug_38` (`slug`),
  UNIQUE KEY `slug_39` (`slug`),
  UNIQUE KEY `slug_40` (`slug`),
  UNIQUE KEY `slug_41` (`slug`),
  UNIQUE KEY `slug_42` (`slug`),
  UNIQUE KEY `slug_43` (`slug`),
  UNIQUE KEY `slug_44` (`slug`),
  UNIQUE KEY `slug_45` (`slug`),
  UNIQUE KEY `slug_46` (`slug`),
  UNIQUE KEY `slug_47` (`slug`),
  UNIQUE KEY `slug_48` (`slug`),
  UNIQUE KEY `slug_49` (`slug`),
  UNIQUE KEY `slug_50` (`slug`),
  UNIQUE KEY `slug_51` (`slug`),
  UNIQUE KEY `slug_52` (`slug`),
  UNIQUE KEY `slug_53` (`slug`),
  UNIQUE KEY `slug_54` (`slug`),
  UNIQUE KEY `slug_55` (`slug`),
  UNIQUE KEY `slug_56` (`slug`),
  UNIQUE KEY `slug_57` (`slug`),
  UNIQUE KEY `slug_58` (`slug`),
  UNIQUE KEY `slug_59` (`slug`),
  UNIQUE KEY `slug_60` (`slug`),
  UNIQUE KEY `slug_61` (`slug`),
  UNIQUE KEY `slug_62` (`slug`),
  KEY `userId` (`userId`),
  CONSTRAINT `blog_posts_ibfk_1` FOREIGN KEY (`userId`) REFERENCES `users` (`id`) ON DELETE SET NULL ON UPDATE CASCADE
) ENGINE=InnoDB DEFAULT CHARSET=utf8mb4 COLLATE=utf8mb4_0900_ai_ci;

-- Dumping data for table medcare_db.blog_posts: ~0 rows (approximately)
DELETE FROM `blog_posts`;

-- Dumping structure for table medcare_db.contacts
CREATE TABLE IF NOT EXISTS `contacts` (
  `id` int NOT NULL AUTO_INCREMENT,
  `name` varchar(255) DEFAULT NULL,
  `email` varchar(255) DEFAULT NULL,
  `message` text,
  `createdAt` datetime NOT NULL,
  `updatedAt` datetime NOT NULL,
  PRIMARY KEY (`id`)
) ENGINE=InnoDB DEFAULT CHARSET=utf8mb4 COLLATE=utf8mb4_0900_ai_ci;

-- Dumping data for table medcare_db.contacts: ~0 rows (approximately)
DELETE FROM `contacts`;

-- Dumping structure for table medcare_db.departments
CREATE TABLE IF NOT EXISTS `departments` (
  `id` int NOT NULL AUTO_INCREMENT,
  `name` varchar(255) NOT NULL,
  `slug` varchar(255) NOT NULL,
  `slogan` varchar(255) DEFAULT NULL,
  `description` text,
  `image_url` varchar(255) DEFAULT NULL,
  `createdAt` datetime NOT NULL,
  `updatedAt` datetime NOT NULL,
  PRIMARY KEY (`id`),
  UNIQUE KEY `slug` (`slug`),
  UNIQUE KEY `slug_2` (`slug`),
  UNIQUE KEY `slug_3` (`slug`),
  UNIQUE KEY `slug_4` (`slug`)
) ENGINE=InnoDB AUTO_INCREMENT=17 DEFAULT CHARSET=utf8mb4 COLLATE=utf8mb4_0900_ai_ci;

-- Dumping data for table medcare_db.departments: ~10 rows (approximately)
DELETE FROM `departments`;
INSERT INTO `departments` (`id`, `name`, `slug`, `slogan`, `description`, `image_url`, `createdAt`, `updatedAt`) VALUES
	(1, 'Khoa Nội Tổng Quát', 'noi-tong-quat', 'Chăm sóc toàn diện từ bên trong', 'Chuyên chẩn đoán và điều trị các bệnh lý nội khoa thường gặp như tăng huyết áp, tiểu đường, bệnh dạ dày, gan mật, phổi và rối loạn chuyển hoá.', '/uploads/1749915784509-603482635.jpg', '2025-06-07 16:53:00', '2025-06-16 16:49:07'),
	(2, 'Khoa Tim mạch', 'tim-mach', 'Bảo vệ trái tim của bạn', 'Khám và điều trị các bệnh lý tim mạch: cao huyết áp, mạch vành, suy tim, rối loạn nhịp tim, can thiệp tim mạch, theo dõi tim thai.', '/uploads/1749915795048-863924876.jpg', '2025-06-07 16:53:13', '2025-06-22 16:25:10'),
	(3, 'Khoa Nhi', 'nhi', 'Sức khỏe trọn vẹn cho trẻ nhỏ', 'Chuyên điều trị các bệnh thường gặp ở trẻ em: sốt siêu vi, tiêu hóa, hô hấp, dinh dưỡng, tiêm chủng và theo dõi phát triển thể chất.', '/uploads/1749915803615-557507967.jpg', '2025-06-07 16:53:16', '2025-06-16 09:16:16'),
	(4, 'Khoa Tai - Mũi - Họng', 'tai-mui-hong', 'Chăm sóc chuyên sâu vùng tai mũi họng', 'Khám và điều trị viêm xoang, viêm tai giữa, viêm họng, mất tiếng, nghe kém, nội soi tai mũi họng, tiểu phẫu VA, amidan.', '/uploads/1749915813014-862186499.jpg', '2025-06-07 16:53:19', '2025-06-16 09:16:42'),
	(5, 'Khoa Da liễu', 'da-lieu', 'Giải pháp toàn diện cho làn da khỏe mạnh', 'Khám và điều trị các bệnh da liễu như: viêm da cơ địa, mụn trứng cá, dị ứng, nấm, sẹo lồi, nám, tàn nhang, lão hoá da, thẩm mỹ da liễu.', '/uploads/1749915821863-216068553.jpg', '2025-06-07 16:53:22', '2025-06-16 09:17:06'),
	(11, 'Khoa Tiểu Đường ', 'tieu-duong', 'Chăm sóc toàn diện từ bên trong', 'Tầm soát sức khỏe toàn diện, phát hiện bệnh sớm.', '/uploads/1750608688817-859242229.jpg', '2025-06-17 05:42:35', '2025-06-22 16:11:28'),
	(12, 'Khoa Nha Khoa', 'nha-khoa', 'Chăm sóc toàn diện từ bên trong', 'Tầm soát sức khỏe toàn diện, phát hiện bệnh sớm.', '/uploads/1750139068790-161045972.jpg', '2025-06-17 05:44:28', '2025-06-17 05:45:02'),
	(13, 'Khoa Tiêu Hóa', 'tieu-hoa', 'Chăm sóc toàn diện hệ tiêu hóa – Khỏe mạnh từ bên trong', 'Khoa Tiêu Hóa chuyên chẩn đoán và điều trị các bệnh lý liên quan đến hệ tiêu hóa như dạ dày, đại tràng, gan mật và tụy. Với đội ngũ bác sĩ giàu kinh nghiệm và hệ thống thiết bị nội soi hiện đại, khoa cam kết mang đến dịch vụ chăm sóc sức khỏe chính xác, an toàn và hiệu quả cho người bệnh.', '/uploads/1750608792322-583169426.jpg', '2025-06-22 16:13:12', '2025-06-22 16:13:12'),
	(14, ' Khoa Phụ sản', 'phu-san', 'Chăm sóc toàn diện từ bên trong', 'Chuyên khám và điều trị các bệnh lý liên quan đến hệ sinh sản nữ, rối loạn kinh nguyệt, viêm nhiễm phụ khoa, hiếm muộn…', '/uploads/1750928110276-573891598.jpg', '2025-06-26 08:55:10', '2025-06-26 08:59:30'),
	(15, 'Khoa Nam học', 'khoa-nam-hoc', 'Chăm sóc toàn diện hệ tiêu hóa – Khỏe mạnh từ bên trong', '', '/uploads/1750928435119-894266535.jpg', '2025-06-26 09:00:35', '2025-06-26 09:01:08'),
	(16, ' Khoa Chẩn đoán hình ảnh', 'chuan-doan-hinh-anh', 'Chăm sóc toàn diện từ bên trong', '', '/uploads/1750928544187-337155834.jpg', '2025-06-26 09:02:24', '2025-06-26 09:02:35');

-- Dumping structure for table medcare_db.department_services
CREATE TABLE IF NOT EXISTS `department_services` (
  `departmentId` int NOT NULL,
  `serviceId` int NOT NULL,
  PRIMARY KEY (`departmentId`,`serviceId`),
  KEY `serviceId` (`serviceId`),
  CONSTRAINT `department_services_ibfk_1` FOREIGN KEY (`departmentId`) REFERENCES `departments` (`id`) ON DELETE CASCADE ON UPDATE CASCADE,
  CONSTRAINT `department_services_ibfk_2` FOREIGN KEY (`serviceId`) REFERENCES `services` (`id`) ON DELETE CASCADE ON UPDATE CASCADE
) ENGINE=InnoDB DEFAULT CHARSET=utf8mb4 COLLATE=utf8mb4_0900_ai_ci;

-- Dumping data for table medcare_db.department_services: ~55 rows (approximately)
DELETE FROM `department_services`;
INSERT INTO `department_services` (`departmentId`, `serviceId`) VALUES
	(1, 1),
	(11, 2),
	(2, 3),
	(2, 4),
	(2, 5),
	(3, 7),
	(2, 8),
	(1, 9),
	(4, 10),
	(4, 11),
	(4, 12),
	(5, 13),
	(5, 14),
	(5, 15),
	(11, 16),
	(4, 18),
	(13, 20),
	(14, 20),
	(13, 21),
	(14, 21),
	(13, 22),
	(14, 22),
	(13, 23),
	(14, 23),
	(13, 24),
	(14, 24),
	(1, 25),
	(1, 26),
	(1, 27),
	(1, 28),
	(2, 29),
	(2, 30),
	(3, 31),
	(4, 31),
	(3, 32),
	(3, 33),
	(3, 34),
	(3, 35),
	(4, 36),
	(4, 37),
	(5, 38),
	(5, 39),
	(11, 40),
	(11, 41),
	(11, 42),
	(12, 43),
	(12, 44),
	(12, 45),
	(12, 46),
	(12, 47),
	(12, 48),
	(5, 49),
	(15, 53),
	(16, 55),
	(14, 56);

-- Dumping structure for table medcare_db.doctors
CREATE TABLE IF NOT EXISTS `doctors` (
  `id` int NOT NULL AUTO_INCREMENT,
  `name` varchar(255) NOT NULL,
  `slug` varchar(255) DEFAULT NULL,
  `avatar` varchar(255) DEFAULT NULL,
  `title` varchar(255) DEFAULT NULL,
  `degree` varchar(255) DEFAULT NULL,
  `position` varchar(255) DEFAULT NULL,
  `experience_years` int DEFAULT NULL,
  `email` varchar(255) DEFAULT NULL,
  `phone` varchar(255) DEFAULT NULL,
  `description` text,
  `work_history` text,
  `education_history` text,
  `extra_info` text,
  `createdAt` datetime NOT NULL,
  `updatedAt` datetime NOT NULL,
  `user_id` int DEFAULT NULL,
  PRIMARY KEY (`id`),
  UNIQUE KEY `slug` (`slug`),
  UNIQUE KEY `user_id` (`user_id`),
  UNIQUE KEY `user_id_2` (`user_id`),
  CONSTRAINT `doctors_ibfk_1` FOREIGN KEY (`user_id`) REFERENCES `users` (`id`) ON DELETE SET NULL ON UPDATE CASCADE
) ENGINE=InnoDB AUTO_INCREMENT=68 DEFAULT CHARSET=utf8mb4 COLLATE=utf8mb4_0900_ai_ci;

-- Dumping data for table medcare_db.doctors: ~19 rows (approximately)
DELETE FROM `doctors`;
INSERT INTO `doctors` (`id`, `name`, `slug`, `avatar`, `title`, `degree`, `position`, `experience_years`, `email`, `phone`, `description`, `work_history`, `education_history`, `extra_info`, `createdAt`, `updatedAt`, `user_id`) VALUES
	(1, 'BS. Trần Văn Minh', 'tran-van-minh', '/uploads/1750611966099-741057555.jpg', 'Bác sĩ chuyên khoa Nội', 'Chuyên khoa Tim mạch can thiệp', 'Bác sĩ điều trị chính', 1, NULL, '0912603680', 'Thực hiện can thiệp mạch vành, chẩn đoán suy tim, rối loạn nhịp.', 'Bệnh viện Chợ Rẫy – Khoa Tim mạch can thiệp', 'Đại học Y Dược TP.HCM', 'Đạt chứng chỉ Siêu âm tim nâng cao Hoa Kỳ', '2025-06-07 16:54:54', '2025-06-29 16:41:55', 3),
	(4, 'BS.CKI. Trần Hữu Lộc', 'tran-huu-loc', '/uploads/1749832608173-492657097.jpg', 'Bác sĩ Chuyên khoa Tim Mạch', 'Chuyên khoa Tim mạch can thiệp', 'Bác sĩ điều trị chính', 15, 'loc.tran@hospital.vn', '0909000003', 'Thực hiện can thiệp mạch vành, chẩn đoán suy tim, rối loạn nhịp.', 'Bệnh viện Chợ Rẫy – Khoa Tim mạch can thiệp', 'Đại học Y Dược TP.HCM', 'Đạt chứng chỉ Siêu âm tim nâng cao Hoa Kỳ', '2025-06-07 17:00:52', '2025-06-30 07:59:49', 37),
	(5, 'TS.BS. Lê Văn Nam', 'le-van-nam', '/uploads/1749831024831-354494753.jpg', 'Tiến sĩ, Bác sĩ Chuyên khoa II', 'Chuyên khoa Nội thần kinh', 'Trưởng khoa Nội thần kinh', 20, 'nam.le@hospital.vn', '0909000001', 'Chuyên sâu về điều trị động kinh, Parkinson và các bệnh lý thần kinh khác.', '20 năm công tác tại Bệnh viện Đại học Y Dược TP.HCM', 'TS Y học thần kinh tại Đại học Y Tokyo, Nhật Bản', 'Thành viên Hiệp hội Thần kinh học Việt Nam', '2025-06-07 17:00:57', '2025-06-22 09:04:15', NULL),
	(6, 'PGS.TS. Nguyễn Thị Hạnh', 'nguyen-thi-hanh', '/uploads/1749831181365-168025854.jfif', 'Phó Giáo sư, Tiến sĩ', 'Chuyên khoa Da liễu - Nội tiết', 'Cố vấn chuyên môn', 25, 'hanh.nguyen@hospital.vn', '0909000002', 'Điều trị chuyên sâu các bệnh về nội tiết và da: viêm da, rối loạn sắc tố, mụn nội tiết.', 'BV Bạch Mai - Trung tâm Nội tiết & Da liễu', 'Tiến sĩ Y học Đại học Paris Descartes', 'Thành viên Hội Da liễu Việt Nam & châu Á', '2025-06-07 17:01:01', '2025-06-13 17:46:50', NULL),
	(7, 'ThS.BS. Đặng Quốc Tuấn', 'dang-quoc-tuan', '/uploads/1750611972247-464695062.jpg', 'Chuyên khoa Tiêu Hóa', 'Thạc Sĩ', 'Bác sĩ điều trị', 10, 'tuan.dang@hospital.vn', '0909000004', 'Khám và điều trị viêm xoang, viêm mũi dị ứng, thanh quản, phẫu thuật nội soi mũi xoang.', 'BV Tai Mũi Họng TP.HCM', 'Thạc sĩ Y học - Đại học Y Dược Cần Thơ', 'Giảng viên lâm sàng chuyên khoa Tai Mũi Họng', '2025-06-07 17:01:18', '2025-06-30 07:55:10', 14),
	(33, 'BS.CKI. Trần Hữu Tín', 'huu-tin', '/uploads/1750508852700-332529958.jpg', 'Bác sĩ Chuyên Khoa Nam Học', 'Chuyên khoa Nam Học', 'Bác sĩ điều trị chính', 2, NULL, '0973263213', 'Tầm soát sức khỏe toàn diện, phát hiện bệnh sớm.', 'Bệnh viện Chợ Rẫy – Khoa Tim mạch can thiệp', 'Đại học Y Dược TP.HCM', 'Đạt chứng chỉ Siêu âm tim nâng cao Hoa Kỳ', '2025-06-17 05:43:25', '2025-06-30 07:53:13', 13),
	(46, 'Bác sĩ Nguyễn Trung Tín', NULL, '/uploads/1750608457306-95079436.jpg', 'Bác sĩ Chuyên Khoa Tai-Mũi-Họng', 'Thạc sĩ Y học lâm sàng', 'Bác sĩ tư vấn', 6, NULL, '0907651012', 'Phát hiện rối loạn nhịp tim, thiếu máu cơ tim.', '2015 - 2018: Bệnh viện Phổi Trung Ương; 2018 - 2024: Bệnh viện Đại học Y Dược TP.HCM', 'Thạc sĩ Y học - Đại học Y Dược Cần Thơ', 'Đạt chứng chỉ Siêu âm tim nâng cao Hoa Kỳ', '2025-06-21 17:02:07', '2025-06-30 07:56:13', 32),
	(47, 'Dr Gia Huy', NULL, '', 'Bác sĩ chuyên khoa', 'Giỏi', 'Bác Sĩ', 6, NULL, '0907651012', NULL, 'Hậu Giang', 'CTU', 'ok', '2025-06-22 08:47:14', '2025-06-22 08:47:14', 33),
	(48, 'aaa', NULL, '/uploads/1750583764998-475866396.jpg', 'adasd', 'ádasd', 'adasd', 2, NULL, '0907651012', NULL, 'đâs', 'đâs', 'đâsd', '2025-06-22 09:16:05', '2025-06-22 09:16:05', 34),
	(49, 'Thiên ái', NULL, '/uploads/1750654282259-93676683.jpg', 'Bác sĩ chuyên khoa Chuẩn Đoán Hình Ảnh', 'Chuyên khoa Tiêu Hóa', 'Bác sĩ tư vấn', 4, NULL, '0907651012', NULL, 'Bệnh viện Chợ Rẫy – Khoa Tim mạch can thiệp', 'Đại học Y Dược TP.HCM', 'Đạt chứng chỉ Siêu âm tim nâng cao Hoa Kỳ', '2025-06-23 04:51:22', '2025-06-30 07:52:24', 35),
	(50, 'Bác sĩ Tín', NULL, '/uploads/1751098286370-642758125.jpg', 'Bác sĩ Chuyên Khoa Tiểu Đường', 'Thạc sĩ Y học lâm sàng', 'Bác sĩ điều trị chính', 8, NULL, '0907651012', 'Bác sĩ có hơn 8 năm kinh nghiệm trong lĩnh vực Hô hấp, từng công tác tại Bệnh viện Đại học Y Dược TP.HCM.', '2015 - 2018: Bệnh viện Phổi Trung Ương; 2018 - 2024: Bệnh viện Đại học Y Dược TP.HCM', 'Tốt nghiệp Đại học Y Dược TP.HCM năm 2014, hoàn thành Thạc sĩ Y học lâm sàng năm 2017', 'Đạt chứng chỉ Nội soi phế quản cấp cao năm 2020. Thành viên Hội Hô hấp Việt Nam.', '2025-06-28 08:11:26', '2025-06-30 07:57:01', 39),
	(51, 'test', NULL, '/uploads/1751099080817-980690328.jpg', 'aaaaa', 'aaa', 'aa', 3, NULL, '0907651012', NULL, 'aa', 'aa', 'aaa', '2025-06-28 08:24:41', '2025-06-28 08:24:41', 40),
	(52, 'bbbbb', NULL, '/uploads/1751099303919-549432220.jpg', 'bbb', 'bbb', 'bbb', 4, NULL, '0907651012', NULL, 'bbb', 'bbb', 'bbb', '2025-06-28 08:28:24', '2025-06-28 08:28:24', 41),
	(61, 'BS. Trần Thị Be', 'tran-thi-b', '/uploads/1751195114394-566514879.jpg', 'Bác sĩ Sản phụ khoa', 'Thạc sĩ Y học', 'Phó khoa Sản', 12, 'doctor12@gmail.com', '0911123456', 'Dày dạn kinh nghiệm trong thăm khám và điều trị các vấn đề phụ khoa và chăm sóc thai kỳ.', 'Từng làm việc tại BV Từ Dũ, tham gia nhiều chương trình đào tạo quốc tế.', 'Tốt nghiệp ĐH Y Huế, hoàn thành chương trình cao học tại Pháp.', 'Đạt chứng chỉ siêu âm tiền sản quốc tế ISUOG.', '2025-06-29 18:02:23', '2025-06-29 11:05:14', 48),
	(62, 'BS. Lê Văn Ca', 'le-van-c', '/uploads/1751195124306-953218017.jpg', 'Bác sĩ Tim mạch', 'Tiến sĩ', 'Trưởng Đơn vị Tim mạch', 18, 'doctor13@gmail.com', '0922123456', 'Chuyên khám và điều trị bệnh tim mạch, can thiệp tim mạch hiện đại.', 'Từng giảng dạy tại Đại học Y Hà Nội, làm việc tại Viện Tim TP.HCM.', 'Tu nghiệp tại Đức về can thiệp tim mạch.', 'Tham gia nhiều nghiên cứu khoa học quốc tế về tim mạch.', '2025-06-29 18:02:23', '2025-06-29 11:05:24', 49),
	(63, 'BS. Phạm Thị Duy', 'pham-thi-d', '/uploads/1751195136512-495684637.jpg', 'Bác sĩ Da liễu', 'Bác sĩ chuyên khoa II', 'Chuyên gia tư vấn Da liễu', 10, 'doctor14@gmail.com', '0933123456', 'Tư vấn và điều trị hiệu quả các bệnh da liễu, thẩm mỹ da hiện đại.', 'Từng cộng tác với các bệnh viện da liễu lớn, giảng viên thẩm mỹ y khoa.', 'Tốt nghiệp chuyên khoa II da liễu ĐH Y Dược TP.HCM.', 'Nghiên cứu ứng dụng công nghệ laser trong điều trị sẹo.', '2025-06-29 18:02:23', '2025-06-29 11:05:36', 50),
	(64, 'BS. Võ Văn Em', 'vo-van-e', '/uploads/1751195062975-134592151.jpg', 'Bác sĩ Nhi khoa', 'Thạc sĩ', 'Bác sĩ điều trị chính', 8, 'doctor15@gmail.com', '0944123456', 'Bác sĩ tận tâm trong chăm sóc và điều trị bệnh cho trẻ em.', 'Từng làm việc tại Nhi đồng 1 và BV quốc tế Hoàn Mỹ.', 'Tốt nghiệp ĐH Y Cần Thơ, tu nghiệp tại Đài Loan.', 'Thành viên Hội Nhi khoa Việt Nam.', '2025-06-29 18:02:23', '2025-06-30 08:21:56', 51),
	(65, 'Nguyễn Văn Bê', 'nguyen-van-be', '/uploads/1751215649253-530045359.jpg', 'Bác sĩ Chuyên Khoa Nha Khoa ', 'Thạc sĩ Y học lâm sàng', 'Bác sĩ tư vấn', 6, NULL, '0907651012', 'Tầm soát sức khỏe toàn diện, phát hiện bệnh sớm.', 'BV Tai Mũi Họng TP.HCM', 'Tốt nghiệp Đại học Y Dược TP.HCM năm 2014, hoàn thành Thạc sĩ Y học lâm sàng năm 2017', 'Đạt chứng chỉ Nội soi phế quản cấp cao năm 2020. Thành viên Hội Hô hấp Việt Nam.', '2025-06-29 16:43:11', '2025-06-29 16:47:29', 38),
	(66, 'Bác sĩ Lê Văn An', NULL, '/uploads/1751271627110-375830126.jpg', 'Bác sĩ chuyên Khoa Nhi', 'Chuyên khoa Nhi', 'Bác sĩ tư vấn', 4, NULL, '0907651012', NULL, '2015 - 2018: Bệnh viện Phổi Trung Ương; 2018 - 2024: Bệnh viện Đại học Y Dược TP.HCM', 'Tốt nghiệp Đại học Y Dược TP.HCM năm 2014, hoàn thành Thạc sĩ Y học lâm sàng năm 2017', 'Đạt chứng chỉ Siêu âm tim nâng cao Hoa Kỳ', '2025-06-30 08:20:27', '2025-06-30 08:21:07', 52),
	(67, 'Nguyễn Trung Tín', NULL, '/uploads/1751622524499-290250614.jpg', 'Bác sĩ chuyên khoa Tim Mạch', 'Tốt nghiệp Xuất Sắc Trường Đại Học Y Dược', 'Nhân viên tư vấn', 5, NULL, '0907651912', NULL, 'Từng làm nhà thuốc Trung Sơn', 'Đạt chứng chỉ Bác sĩ Giỏi', 'Từng công tác nước ngoài', '2025-07-04 09:48:44', '2025-07-04 09:48:44', 53);

-- Dumping structure for table medcare_db.doctor_departments
CREATE TABLE IF NOT EXISTS `doctor_departments` (
  `doctorId` int NOT NULL,
  `departmentId` int NOT NULL,
  PRIMARY KEY (`doctorId`,`departmentId`),
  UNIQUE KEY `doctor_departments_departmentId_doctorId_unique` (`doctorId`,`departmentId`),
  KEY `departmentId` (`departmentId`),
  CONSTRAINT `doctor_departments_ibfk_1` FOREIGN KEY (`doctorId`) REFERENCES `doctors` (`id`) ON DELETE CASCADE ON UPDATE CASCADE,
  CONSTRAINT `doctor_departments_ibfk_2` FOREIGN KEY (`departmentId`) REFERENCES `departments` (`id`) ON DELETE CASCADE ON UPDATE CASCADE
) ENGINE=InnoDB DEFAULT CHARSET=utf8mb4 COLLATE=utf8mb4_0900_ai_ci;

-- Dumping data for table medcare_db.doctor_departments: ~15 rows (approximately)
DELETE FROM `doctor_departments`;
INSERT INTO `doctor_departments` (`doctorId`, `departmentId`) VALUES
	(1, 1),
	(4, 2),
	(62, 2),
	(64, 3),
	(66, 3),
	(6, 4),
	(46, 4),
	(5, 5),
	(6, 5),
	(63, 5),
	(50, 11),
	(65, 12),
	(7, 13),
	(61, 14),
	(33, 15),
	(49, 16);

-- Dumping structure for table medcare_db.doctor_requests
CREATE TABLE IF NOT EXISTS `doctor_requests` (
  `id` int NOT NULL AUTO_INCREMENT,
  `phone` varchar(255) DEFAULT NULL,
  `title` varchar(255) DEFAULT NULL,
  `degree` varchar(255) DEFAULT NULL,
  `position` varchar(255) DEFAULT NULL,
  `experience_years` int DEFAULT NULL,
  `work_history` text,
  `education_history` text,
  `extra_info` text,
  `status` enum('pending','approved','rejected') DEFAULT 'pending',
  `createdAt` datetime NOT NULL,
  `updatedAt` datetime NOT NULL,
  PRIMARY KEY (`id`)
) ENGINE=InnoDB AUTO_INCREMENT=2 DEFAULT CHARSET=utf8mb4 COLLATE=utf8mb4_0900_ai_ci;

-- Dumping data for table medcare_db.doctor_requests: ~0 rows (approximately)
DELETE FROM `doctor_requests`;
INSERT INTO `doctor_requests` (`id`, `phone`, `title`, `degree`, `position`, `experience_years`, `work_history`, `education_history`, `extra_info`, `status`, `createdAt`, `updatedAt`) VALUES
	(1, '0907651012', 'a', 'a', 'a', 2, 'a', 'a', 'a', 'pending', '2025-06-21 15:30:45', '2025-06-21 15:30:45');

-- Dumping structure for table medcare_db.doctor_reviews
CREATE TABLE IF NOT EXISTS `doctor_reviews` (
  `id` int NOT NULL AUTO_INCREMENT,
  `name` varchar(255) DEFAULT NULL,
  `rating` int NOT NULL,
  `comment` text,
  `createdAt` datetime NOT NULL,
  `updatedAt` datetime NOT NULL,
  `userId` int DEFAULT NULL,
  `doctorId` int DEFAULT NULL,
  PRIMARY KEY (`id`),
  KEY `userId` (`userId`),
  KEY `doctorId` (`doctorId`),
  CONSTRAINT `doctor_reviews_ibfk_765` FOREIGN KEY (`userId`) REFERENCES `users` (`id`) ON DELETE SET NULL ON UPDATE CASCADE,
  CONSTRAINT `doctor_reviews_ibfk_766` FOREIGN KEY (`doctorId`) REFERENCES `doctors` (`id`) ON DELETE SET NULL ON UPDATE CASCADE
) ENGINE=InnoDB DEFAULT CHARSET=utf8mb4 COLLATE=utf8mb4_0900_ai_ci;

-- Dumping data for table medcare_db.doctor_reviews: ~0 rows (approximately)
DELETE FROM `doctor_reviews`;

-- Dumping structure for table medcare_db.doctor_services
CREATE TABLE IF NOT EXISTS `doctor_services` (
  `doctorId` int NOT NULL,
  `serviceId` int NOT NULL,
  PRIMARY KEY (`doctorId`,`serviceId`),
  KEY `serviceId` (`serviceId`),
  CONSTRAINT `doctor_services_ibfk_1` FOREIGN KEY (`doctorId`) REFERENCES `doctors` (`id`) ON DELETE CASCADE ON UPDATE CASCADE,
  CONSTRAINT `doctor_services_ibfk_2` FOREIGN KEY (`serviceId`) REFERENCES `services` (`id`) ON DELETE CASCADE ON UPDATE CASCADE
) ENGINE=InnoDB DEFAULT CHARSET=utf8mb4 COLLATE=utf8mb4_0900_ai_ci;

-- Dumping data for table medcare_db.doctor_services: ~44 rows (approximately)
DELETE FROM `doctor_services`;
INSERT INTO `doctor_services` (`doctorId`, `serviceId`) VALUES
	(1, 1),
	(4, 3),
	(4, 4),
	(62, 4),
	(62, 5),
	(6, 6),
	(4, 8),
	(62, 8),
	(1, 9),
	(6, 10),
	(46, 10),
	(46, 11),
	(63, 14),
	(50, 16),
	(46, 18),
	(7, 20),
	(61, 20),
	(7, 21),
	(61, 21),
	(7, 22),
	(7, 23),
	(61, 23),
	(61, 24),
	(1, 25),
	(1, 27),
	(1, 28),
	(62, 29),
	(4, 30),
	(46, 31),
	(64, 32),
	(66, 32),
	(64, 33),
	(64, 34),
	(66, 34),
	(64, 35),
	(66, 35),
	(46, 37),
	(63, 38),
	(63, 39),
	(50, 40),
	(50, 41),
	(50, 42),
	(65, 43),
	(65, 44),
	(65, 46),
	(65, 47),
	(33, 53),
	(49, 55);

-- Dumping structure for table medcare_db.package_reviews
CREATE TABLE IF NOT EXISTS `package_reviews` (
  `id` int NOT NULL AUTO_INCREMENT,
  `name` varchar(255) DEFAULT NULL,
  `rating` int NOT NULL,
  `comment` text,
  `createdAt` datetime NOT NULL,
  `updatedAt` datetime NOT NULL,
  `userId` int DEFAULT NULL,
  `packageId` int DEFAULT NULL,
  PRIMARY KEY (`id`),
  KEY `userId` (`userId`),
  KEY `packageId` (`packageId`),
  CONSTRAINT `package_reviews_ibfk_759` FOREIGN KEY (`userId`) REFERENCES `users` (`id`) ON DELETE SET NULL ON UPDATE CASCADE,
  CONSTRAINT `package_reviews_ibfk_760` FOREIGN KEY (`packageId`) REFERENCES `service_packages` (`id`) ON DELETE SET NULL ON UPDATE CASCADE
) ENGINE=InnoDB DEFAULT CHARSET=utf8mb4 COLLATE=utf8mb4_0900_ai_ci;

-- Dumping data for table medcare_db.package_reviews: ~0 rows (approximately)
DELETE FROM `package_reviews`;

-- Dumping structure for table medcare_db.package_services
CREATE TABLE IF NOT EXISTS `package_services` (
  `packageId` int NOT NULL,
  `serviceId` int NOT NULL,
  `appliesTo` text,
  PRIMARY KEY (`packageId`,`serviceId`),
  KEY `serviceId` (`serviceId`),
  CONSTRAINT `package_services_ibfk_1` FOREIGN KEY (`packageId`) REFERENCES `service_packages` (`id`) ON DELETE CASCADE ON UPDATE CASCADE,
  CONSTRAINT `package_services_ibfk_2` FOREIGN KEY (`serviceId`) REFERENCES `services` (`id`) ON DELETE CASCADE ON UPDATE CASCADE
) ENGINE=InnoDB DEFAULT CHARSET=utf8mb4 COLLATE=utf8mb4_0900_ai_ci;

-- Dumping data for table medcare_db.package_services: ~30 rows (approximately)
DELETE FROM `package_services`;
INSERT INTO `package_services` (`packageId`, `serviceId`, `appliesTo`) VALUES
	(1, 1, '"\\"[]\\""'),
	(1, 6, '"\\"[\\\\\\"f_60\\\\\\"]\\""'),
	(1, 8, '"\\"[\\\\\\"f_60\\\\\\",\\\\\\"m_u60\\\\\\"]\\""'),
	(2, 1, '"[\\"f_60\\",\\"fm_u60\\"]"'),
	(2, 3, '"[\\"f_60\\",\\"fm_u60\\",\\"fm_60\\"]"'),
	(4, 13, '"[\\"f_60\\",\\"fm_u60\\",\\"fm_60\\"]"'),
	(4, 15, '"[\\"f_60\\",\\"m_u60\\"]"'),
	(5, 1, '"[\\"f_60\\",\\"f_u60\\",\\"fm_u60\\",\\"fm_60\\",\\"m_u60\\",\\"m_60\\"]"'),
	(5, 3, '"[\\"f_60\\",\\"fm_u60\\",\\"fm_60\\",\\"m_u60\\"]"'),
	(5, 9, '"[\\"fm_u60\\"]"'),
	(6, 1, '"[\\"f_u60\\",\\"f_60\\"]"'),
	(6, 2, '"[\\"f_60\\",\\"fm_u60\\"]"'),
	(6, 5, '"[\\"f_u60\\",\\"fm_u60\\",\\"m_60\\",\\"m_u60\\"]"'),
	(6, 10, '"[\\"fm_u60\\",\\"m_u60\\",\\"fm_60\\"]"'),
	(10, 1, '"[\\"f_u60\\",\\"fm_u60\\"]"'),
	(10, 3, '"[\\"f_u60\\",\\"fm_u60\\"]"'),
	(10, 4, '"[\\"f_u60\\",\\"fm_u60\\"]"'),
	(10, 5, '"[\\"f_u60\\",\\"fm_u60\\"]"'),
	(10, 6, '"[\\"f_u60\\",\\"fm_u60\\"]"'),
	(10, 23, '"[\\"f_u60\\",\\"fm_u60\\"]"'),
	(10, 29, '"[\\"f_u60\\",\\"fm_u60\\"]"'),
	(10, 40, '"[\\"fm_u60\\",\\"f_u60\\"]"'),
	(11, 1, '"[\\"f_u60\\",\\"f_60\\",\\"fm_u60\\",\\"m_u60\\",\\"fm_60\\",\\"m_60\\"]"'),
	(11, 20, '"[\\"f_u60\\",\\"f_60\\",\\"fm_u60\\",\\"fm_60\\",\\"m_u60\\",\\"m_60\\"]"'),
	(11, 50, '"[\\"f_u60\\",\\"fm_u60\\",\\"fm_60\\",\\"f_60\\"]"'),
	(11, 51, '"[\\"f_u60\\",\\"f_60\\",\\"fm_u60\\",\\"fm_60\\"]"'),
	(11, 52, '"[\\"f_u60\\",\\"fm_u60\\"]"'),
	(11, 54, '"[\\"m_u60\\",\\"m_60\\",\\"f_u60\\",\\"f_60\\"]"'),
	(11, 55, '"[\\"f_60\\",\\"f_u60\\",\\"fm_u60\\",\\"fm_60\\",\\"m_u60\\",\\"m_60\\"]"'),
	(11, 57, '"[\\"m_u60\\",\\"m_60\\"]"');

-- Dumping structure for table medcare_db.posts
CREATE TABLE IF NOT EXISTS `posts` (
  `id` int NOT NULL AUTO_INCREMENT,
  `title` varchar(255) DEFAULT NULL,
  `slug` varchar(255) DEFAULT NULL,
  `summary` text,
  `content` longtext,
  `image_url` varchar(255) DEFAULT NULL,
  `createdAt` datetime NOT NULL,
  `updatedAt` datetime NOT NULL,
  `post_category_id` int DEFAULT NULL,
  `status` enum('pending','approved','rejected') DEFAULT 'pending',
  `userId` int DEFAULT NULL,
  PRIMARY KEY (`id`),
  UNIQUE KEY `slug` (`slug`),
  UNIQUE KEY `slug_2` (`slug`),
  UNIQUE KEY `slug_3` (`slug`),
  KEY `post_category_id` (`post_category_id`),
  KEY `userId` (`userId`),
  CONSTRAINT `posts_ibfk_83` FOREIGN KEY (`post_category_id`) REFERENCES `post_categories` (`id`) ON DELETE SET NULL ON UPDATE CASCADE,
  CONSTRAINT `posts_ibfk_84` FOREIGN KEY (`userId`) REFERENCES `users` (`id`) ON DELETE SET NULL ON UPDATE CASCADE
) ENGINE=InnoDB AUTO_INCREMENT=23 DEFAULT CHARSET=utf8mb4 COLLATE=utf8mb4_0900_ai_ci;

-- Dumping data for table medcare_db.posts: ~18 rows (approximately)
DELETE FROM `posts`;
INSERT INTO `posts` (`id`, `title`, `slug`, `summary`, `content`, `image_url`, `createdAt`, `updatedAt`, `post_category_id`, `status`, `userId`) VALUES
	(1, 'dsadasdas', 'dsadasdas', 'dsadas', '<p>1.KJHKJHJKHkjh</p><p>1.1dsajdklsajdklasjdaskdl</p><p>dálkdjklasdjklsa</p><p>2.dákldksaldja</p><p>2.1</p><p>djklasdjklsadjlkas</p>', 'đasadsa', '2025-06-26 13:24:41', '2025-06-27 09:05:00', 1, 'rejected', 13),
	(2, 'dsad', 'dsad', 'dsadas', '<p>đâsd</p>', '/uploads/1750944823759-62368625.jpg', '2025-06-26 13:33:43', '2025-06-27 09:04:59', 1, 'rejected', 13),
	(6, 'okok', 'okok', 'hiihihi', '<p>đâsdasd</p><p>122</p><p>đá</p><p>1dsada</p>', '', '2025-06-26 14:10:24', '2025-06-27 09:04:58', 1, 'rejected', 3),
	(7, 'www', 'www', 'ưdsdsds', '<p>dsadsad</p>', '/uploads/1750947036873-988251952.jpg', '2025-06-26 14:10:36', '2025-06-27 09:04:52', 1, 'rejected', 3),
	(8, 'Tầm quan trọng của khám sức khỏe định kỳ trong phòng ngừa bệnh tật', 'tam-quan-trong-cua-kham-suc-khoe-djinh-ky-trong-phong-ngua-benh-tat', 'Khám sức khỏe định kỳ là phương pháp hữu hiệu để phát hiện sớm và ngăn ngừa các bệnh lý tiềm ẩn. Bài viết này sẽ phân tích vai trò và lợi ích cụ thể của việc khám định kỳ đối với mọi lứa tuổi.', '<h3><strong>1. Tổng quan về khám sức khỏe định kỳ</strong></h3><p>Khám sức khỏe định kỳ là quy trình kiểm tra tổng quát các chỉ số sức khỏe của cơ thể nhằm phát hiện sớm những dấu hiệu bất thường hoặc nguy cơ bệnh lý tiềm ẩn. Đây là cách hiệu quả để phòng bệnh hơn chữa bệnh, giúp tăng cơ hội điều trị kịp thời và giảm thiểu chi phí y tế.</p><h4><strong>1.1 Khám sức khỏe định kỳ bao gồm những gì?</strong></h4><p>Khám sức khỏe định kỳ thường bao gồm:</p><ul><li>Khám lâm sàng: đo huyết áp, kiểm tra tim, phổi, mắt, da, tai mũi họng,...</li><li>Xét nghiệm máu: kiểm tra chức năng gan, thận, đường huyết, mỡ máu,...</li><li>Xét nghiệm nước tiểu: phát hiện các vấn đề về thận, nhiễm trùng tiết niệu,...</li><li>Siêu âm ổ bụng: phát hiện sỏi mật, sỏi thận, gan nhiễm mỡ,...</li><li>Chụp X-quang/ECG: kiểm tra hệ xương khớp, tim mạch,...</li><li>Đối với phụ nữ: khám phụ khoa, siêu âm vú, xét nghiệm Pap smear.</li><li>Đối với nam giới: kiểm tra tuyến tiền liệt nếu trên 40 tuổi.</li></ul><h4><strong>1.2 Lịch khám định kỳ phù hợp theo độ tuổi</strong></h4><figure class="table"><table><thead><tr><th>Độ tuổi</th><th>Tần suất nên khám</th></tr></thead><tbody><tr><td>18 – 30</td><td>1 lần mỗi 1 – 2 năm</td></tr><tr><td>31 – 40</td><td>1 lần/năm</td></tr><tr><td>41 – 60</td><td>1 – 2 lần/năm</td></tr><tr><td>Trên 60</td><td>Khám mỗi 6 tháng</td></tr></tbody></table></figure><p>&nbsp;</p><h3><strong>2. Lợi ích của khám sức khỏe định kỳ</strong></h3><p>Khám sức khỏe định kỳ mang lại rất nhiều lợi ích cả về thể chất lẫn tinh thần cho mọi người, từ trẻ em, người trưởng thành đến người cao tuổi.</p><h4><strong>2.1 Phát hiện sớm bệnh lý tiềm ẩn</strong></h4><p>Nhiều bệnh nguy hiểm như tiểu đường, cao huyết áp, ung thư giai đoạn đầu thường không có triệu chứng rõ ràng. Việc kiểm tra định kỳ giúp phát hiện sớm để có phương án điều trị hiệu quả, tránh biến chứng nghiêm trọng.</p><h4><strong>2.2 Tối ưu chi phí điều trị</strong></h4><p>Điều trị bệnh ở giai đoạn đầu luôn tiết kiệm hơn nhiều so với khi bệnh đã chuyển sang giai đoạn nặng. Ngoài ra, bạn còn giảm thiểu thời gian nghỉ làm, giảm chi phí thuốc men, phẫu thuật.</p><h4><strong>2.3 Cải thiện chất lượng sống</strong></h4><p>Khi sức khỏe được theo dõi thường xuyên, người bệnh sẽ có lối sống tích cực hơn, biết cách điều chỉnh chế độ ăn uống, tập luyện, nghỉ ngơi hợp lý để duy trì thể trạng tốt.</p><h3><strong>3. Khám sức khỏe định kỳ cho từng đối tượng đặc biệt</strong></h3><h4><strong>3.1 Trẻ em và thanh thiếu niên</strong></h4><p>Khám sức khỏe định kỳ giúp phát hiện các vấn đề tăng trưởng, thị lực, tim bẩm sinh, hoặc các rối loạn học đường như tự kỷ, tăng động,...</p><h4><strong>3.2 Phụ nữ mang thai</strong></h4><p>Khám định kỳ giúp theo dõi sức khỏe mẹ và thai nhi, kiểm tra dị tật bẩm sinh, tầm soát tiền sản giật, tiểu đường thai kỳ,...</p><h4><strong>3.3 Người cao tuổi</strong></h4><p>Ở tuổi già, nguy cơ mắc các bệnh mạn tính tăng cao. Khám sức khỏe định kỳ giúp kiểm soát huyết áp, tim mạch, loãng xương, sa sút trí tuệ,...</p><h3><strong>4. Khuyến nghị từ bác sĩ</strong></h3><ul><li>Không nên đợi đến khi có triệu chứng mới đi khám.</li><li>Cần lựa chọn cơ sở y tế uy tín, có đội ngũ chuyên môn và trang thiết bị hiện đại.</li><li>Lưu lại hồ sơ khám sức khỏe để so sánh chỉ số theo thời gian.</li></ul><h3><strong>5. Kết luận</strong></h3><p>Khám sức khỏe định kỳ là một bước đầu tư thông minh cho tương lai khỏe mạnh. Mỗi người nên ý thức được tầm quan trọng của việc này và đưa nó vào thói quen sống hàng năm. Đừng để sự chủ quan khiến bạn phải trả giá bằng sức khỏe và tài chính sau này.</p>', '/uploads/1750949055680-293948592.jpg', '2025-06-26 14:44:15', '2025-06-26 14:50:28', 1, 'approved', 13),
	(9, 'Hiểu đúng về huyết áp cao – Kẻ giết người thầm lặng', 'hieu-djung-ve-huyet-ap-cao-ke-giet-nguoi-tham-lang', 'Huyết áp cao là căn bệnh phổ biến nhưng thường bị xem nhẹ do ít triệu chứng rõ ràng. Bài viết sẽ giúp bạn nhận biết, phòng ngừa và kiểm soát căn bệnh này một cách hiệu quả.', '<h3><strong>1. Huyết áp cao là gì?</strong></h3><p>Huyết áp cao (tăng huyết áp) là tình trạng áp lực của máu tác động lên thành mạch máu duy trì ở mức cao trong thời gian dài. Đây là yếu tố nguy cơ chính dẫn đến đột quỵ, nhồi máu cơ tim và suy thận.</p><h4><strong>1.1 Chỉ số huyết áp bình thường là bao nhiêu?</strong></h4><ul><li>Huyết áp lý tưởng: dưới 120/80 mmHg</li><li>Tiền tăng huyết áp: 120–139/80–89 mmHg</li><li>Tăng huyết áp giai đoạn 1: 140–159/90–99 mmHg</li><li>Tăng huyết áp giai đoạn 2: ≥160/100 mmHg</li></ul><h4><strong>1.2 Vì sao gọi là “kẻ giết người thầm lặng”?</strong></h4><p>Tăng huyết áp thường không có triệu chứng rõ ràng, nhưng âm thầm gây tổn thương mạch máu và các cơ quan quan trọng như tim, não, thận. Người bệnh chỉ phát hiện khi đã xảy ra tai biến nghiêm trọng.</p><h3><strong>2. Nguyên nhân và yếu tố nguy cơ</strong></h3><h4><strong>2.1 Nguyên nhân thường gặp</strong></h4><ul><li>Di truyền</li><li>Béo phì, lười vận động</li><li>Ăn mặn, uống rượu bia, hút thuốc lá</li><li>Căng thẳng kéo dài</li><li>Các bệnh lý nền: tiểu đường, bệnh thận mạn</li></ul><h4><strong>2.2 Những ai có nguy cơ cao?</strong></h4><ul><li>Người từ 40 tuổi trở lên</li><li>Người có người thân bị tăng huyết áp</li><li>Người ít vận động thể chất</li><li>Người có chế độ ăn nhiều muối và chất béo</li></ul><h3><strong>3. Hậu quả của huyết áp cao nếu không điều trị</strong></h3><h4><strong>3.1 Tổn thương tim mạch</strong></h4><p>Tăng huyết áp làm dày cơ tim, suy tim, và là nguyên nhân hàng đầu gây nhồi máu cơ tim.</p><h4><strong>3.2 Đột quỵ và tổn thương não</strong></h4><p>Huyết áp cao phá hủy mạch máu não, gây đột quỵ xuất huyết hoặc thiếu máu não.</p><h4><strong>3.3 Suy thận</strong></h4><p>Mạch máu trong thận bị tổn thương, làm giảm khả năng lọc của thận, dẫn đến suy thận mạn.</p><h3><strong>4. Phòng ngừa và kiểm soát tăng huyết áp</strong></h3><h4><strong>4.1 Thay đổi lối sống</strong></h4><ul><li>Giảm ăn muối dưới 5g/ngày</li><li>Tăng cường ăn rau xanh, trái cây, cá</li><li>Tập thể dục ít nhất 30 phút mỗi ngày</li><li>Hạn chế rượu bia, bỏ thuốc lá</li><li>Giảm căng thẳng, ngủ đủ giấc</li></ul><h4><strong>4.2 Sử dụng thuốc điều trị</strong></h4><p>Người bệnh cần dùng thuốc hạ huyết áp theo đúng chỉ định của bác sĩ, không được tự ý bỏ thuốc hoặc thay đổi liều.</p><h3><strong>5. Lưu ý quan trọng khi theo dõi huyết áp tại nhà</strong></h3><ul><li>Sử dụng máy đo huyết áp điện tử có độ chính xác cao</li><li>Đo vào thời điểm cố định mỗi ngày (sáng và tối)</li><li>Ngồi nghỉ 5 phút trước khi đo, không uống cà phê, hút thuốc trước đó</li></ul><h3><strong>6. Kết luận</strong></h3><p>Huyết áp cao là một căn bệnh nguy hiểm nhưng có thể kiểm soát tốt nếu phát hiện sớm và điều trị đúng cách. Mỗi người nên tự trang bị cho mình kiến thức cơ bản để bảo vệ sức khỏe bản thân và gia đình.</p>', '/uploads/1750949281936-260290903.jpg', '2025-06-26 14:48:01', '2025-06-26 14:50:26', 1, 'approved', 13),
	(10, 'Dấu hiệu cảnh báo bệnh tiểu đường – Đừng chủ quan', 'dau-hieu-canh-bao-benh-tieu-djuong-djung-chu-quan', ' Tiểu đường là bệnh mạn tính nguy hiểm nhưng thường bị bỏ qua ở giai đoạn đầu. Việc nhận biết sớm dấu hiệu là chìa khóa trong phòng và điều trị hiệu quả.', '<h3><strong>1. Tiểu đường là gì?</strong></h3><p>Tiểu đường (đái tháo đường) là bệnh rối loạn chuyển hóa đường trong máu, khi cơ thể không sản xuất đủ insulin hoặc sử dụng insulin không hiệu quả. Bệnh có thể dẫn đến tổn thương mắt, tim, thận, thần kinh.</p><h4><strong>1.1 Phân loại tiểu đường</strong></h4><ul><li><strong>Tuýp 1:</strong> Thường xuất hiện ở trẻ em, do tuyến tụy không sản xuất insulin.</li><li><strong>Tuýp 2:</strong> Phổ biến nhất, thường gặp ở người trưởng thành, liên quan đến béo phì và lối sống.</li><li><strong>Tiểu đường thai kỳ:</strong> Xảy ra trong thai kỳ, có thể ảnh hưởng đến mẹ và bé.</li></ul><h4><strong>1.2 Mức đường huyết bình thường</strong></h4><figure class="table"><table><thead><tr><th>Chỉ số</th><th>Mức bình thường</th></tr></thead><tbody><tr><td>Đường huyết lúc đói</td><td>70 – 99 mg/dL</td></tr><tr><td>Sau ăn 2 giờ</td><td>&lt; 140 mg/dL</td></tr><tr><td>HbA1C</td><td>&lt; 5.7%</td></tr></tbody></table></figure><p>&nbsp;</p><h3><strong>2. Dấu hiệu cảnh báo sớm</strong></h3><h4><strong>2.1 Triệu chứng thường gặp</strong></h4><ul><li>Khát nước và tiểu nhiều</li><li>Sụt cân không rõ lý do</li><li>Mệt mỏi kéo dài</li><li>Nhìn mờ, dễ nhiễm trùng</li></ul><h4><strong>2.2 Biến chứng nếu không điều trị</strong></h4><ul><li>Mù lòa do tổn thương võng mạc</li><li>Suy thận mạn tính</li><li>Nhồi máu cơ tim, đột quỵ</li><li>Cắt cụt chi do hoại tử</li></ul><h3><strong>3. Cách phòng ngừa và kiểm soát bệnh</strong></h3><ul><li><strong>Ăn uống hợp lý:</strong> Ít đường, nhiều rau xanh, chia nhỏ bữa ăn.</li><li><strong>Tập thể dục:</strong> Ít nhất 150 phút mỗi tuần.</li><li><strong>Theo dõi đường huyết:</strong> Đo định kỳ, lưu hồ sơ.</li><li><strong>Dùng thuốc:</strong> Theo chỉ định của bác sĩ.</li></ul><h3><strong>4. Kết luận</strong></h3><p>Đừng đợi đến khi có biến chứng mới quan tâm đến tiểu đường. Hãy kiểm tra sức khỏe định kỳ và thay đổi lối sống để phòng ngừa và kiểm soát căn bệnh này hiệu quả.</p>', '/uploads/1750949352528-416064905.jpg', '2025-06-26 14:49:12', '2025-06-26 14:50:23', 1, 'approved', 13),
	(11, 'Ung thư cổ tử cung – Bệnh nguy hiểm có thể phòng ngừa được', 'ung-thu-co-tu-cung-benh-nguy-hiem-co-the-phong-ngua-djuoc', 'Ung thư cổ tử cung là một trong những loại ung thư phổ biến ở phụ nữ nhưng có thể phòng tránh bằng tầm soát định kỳ và tiêm vắc-xin HPV.', '<h3><strong>1. Ung thư cổ tử cung là gì?</strong></h3><p>Đây là loại ung thư phát sinh từ các tế bào cổ tử cung – phần dưới của tử cung nối với âm đạo. Hầu hết các trường hợp do virus HPV gây ra, lây qua đường tình dục.</p><h4><strong>1.1 HPV – thủ phạm chính gây ung thư cổ tử cung</strong></h4><ul><li>HPV có hơn 100 chủng, nhưng chủng 16 và 18 gây hơn 70% ca ung thư.</li><li>Nhiễm HPV thường không có triệu chứng rõ ràng.</li></ul><h4><strong>1.2 Đối tượng nguy cơ cao</strong></h4><ul><li>Phụ nữ quan hệ tình dục sớm hoặc nhiều bạn tình</li><li>Hút thuốc lá</li><li>Suy giảm miễn dịch</li><li>Không tiêm vắc-xin HPV</li></ul><h3><strong>2. Dấu hiệu nhận biết</strong></h3><h4><strong>2.1 Triệu chứng sớm thường bị bỏ qua</strong></h4><ul><li>Ra huyết âm đạo bất thường (sau quan hệ, giữa chu kỳ)</li><li>Đau vùng chậu hoặc đau khi quan hệ</li><li>Huyết trắng có mùi hôi</li></ul><h4><strong>2.2 Khi bệnh tiến triển nặng</strong></h4><ul><li>Sụt cân</li><li>Mệt mỏi kéo dài</li><li>Thiếu máu, phù chân</li></ul><h3><strong>3. Phòng ngừa hiệu quả</strong></h3><h4><strong>3.1 Tầm soát ung thư định kỳ</strong></h4><ul><li><strong>Phụ nữ 21–65 tuổi</strong>: Nên làm xét nghiệm Pap smear hoặc HPV test 3 năm/lần</li><li><strong>Phụ nữ đã tiêm vắc-xin HPV</strong> vẫn cần tầm soát</li></ul><h4><strong>3.2 Tiêm vắc-xin HPV</strong></h4><ul><li>Hiệu quả cao nếu tiêm <strong>trước khi quan hệ tình dục</strong></li><li>Độ tuổi khuyến cáo: 9–26 tuổi (tốt nhất là 11–14)</li></ul><h3><strong>4. Điều trị ung thư cổ tử cung</strong></h3><ul><li>Giai đoạn sớm: phẫu thuật cắt bỏ cổ tử cung hoặc tử cung</li><li>Giai đoạn muộn: xạ trị và hóa trị kết hợp</li><li>Điều trị phụ thuộc vào giai đoạn và sức khỏe tổng thể</li></ul><h3><strong>5. Kết luận</strong></h3><p>Ung thư cổ tử cung có thể phòng ngừa và chữa khỏi nếu phát hiện sớm. Phụ nữ cần chủ động bảo vệ sức khỏe sinh sản bằng tiêm vắc-xin và kiểm tra định kỳ tại cơ sở y tế uy tín.</p>', '/uploads/1750949381206-712435200.jpg', '2025-06-26 14:49:41', '2025-06-27 09:12:23', 1, 'approved', 13),
	(13, 'dsadsadđá', 'dsadsaddja', 'đâsdas', '<p>dqwedwq21321321</p>', '/uploads/1751015595703-414696617.jpg', '2025-06-27 09:13:15', '2025-06-28 08:57:57', 2, 'rejected', 3),
	(14, 'Khai Trương Cơ Sở Mới MedCare Quận 7 – Đổi Mới Trong Chăm Sóc Sức Khỏe Cộng Đồng', 'khai-truong-co-so-moi-medcare-quan-7-djoi-moi-trong-cham-soc-suc-khoe-cong-djong', 'Hệ thống Y tế MedCare chính thức khai trương cơ sở thứ 5 tại Quận 7, mở rộng dịch vụ chăm sóc sức khỏe với trang thiết bị hiện đại, đội ngũ y bác sĩ đầu ngành và nhiều ưu đãi hấp dẫn dành cho khách hàng.', '<h3><strong>Khai Trương Cơ Sở MedCare Quận 7 – Đổi Mới Trong Chăm Sóc Sức Khỏe</strong></h3><p>Ngày 15/07/2025, hệ thống y tế MedCare chính thức khai trương cơ sở thứ 5 tại địa chỉ 101 Nguyễn Văn Linh, Quận 7, TP. Hồ Chí Minh. Sự kiện này đánh dấu một bước ngoặt quan trọng trong hành trình mở rộng mạng lưới chăm sóc sức khỏe hiện đại, chất lượng và gần gũi với cộng đồng.</p><p>Trong ngày đầu tiên khai trương, MedCare triển khai nhiều hoạt động thiết thực, mang lại lợi ích trực tiếp cho người dân khu vực phía Nam thành phố. Gần 500 khách hàng đã được khám tổng quát miễn phí với đội ngũ y bác sĩ giàu kinh nghiệm. Song song đó là các chương trình giảm giá 30% cho dịch vụ xét nghiệm máu, siêu âm tổng quát và chụp X-quang kỹ thuật số – nhằm khuyến khích người dân kiểm tra sức khỏe định kỳ.</p><p>Không chỉ là một cơ sở y tế mới, MedCare Quận 7 còn được đầu tư đồng bộ về cơ sở vật chất và công nghệ. Phòng khám được trang bị hệ thống xét nghiệm tự động, thiết bị chẩn đoán hình ảnh thế hệ mới như DXA, MRI và CT-Scan. Môi trường khám chữa bệnh được phân khu rõ ràng, đảm bảo tính riêng tư và tối ưu hóa thời gian chờ đợi cho bệnh nhân. Khu điều trị nội trú được xây dựng theo mô hình chăm sóc toàn diện, thân thiện như ở nhà.</p><p>Điểm nổi bật của cơ sở này còn nằm ở đội ngũ bác sĩ. Hơn 40 bác sĩ chuyên khoa đến từ các bệnh viện lớn như Chợ Rẫy, Đại học Y Dược TP.HCM, Hòa Hảo... đã gia nhập MedCare, góp phần xây dựng một mô hình điều trị hiệu quả – cá nhân hóa theo từng tình trạng bệnh nhân.</p><p>Sự kiện khai trương còn thu hút sự quan tâm lớn từ cộng đồng và giới chuyên môn nhờ thông điệp “Chăm sóc sức khỏe hiện đại, nhân văn và toàn diện”. Đại diện MedCare cho biết đây không chỉ là cơ sở y tế mới, mà còn là mô hình thí điểm hướng đến chuyển đổi số y tế, hỗ trợ người dân đặt lịch khám, theo dõi kết quả và tư vấn sức khỏe từ xa thông qua nền tảng online.</p><p>Thời gian hoạt động chính thức sẽ bắt đầu từ ngày 15/07 đến hết 18/07/2025 với nhiều chương trình ưu đãi. Người dân có thể đăng ký khám qua tổng đài 1900 6060 hoặc truy cập trang web chính thức tại <a href="http://www.medcare.vn">www.medcare.vn</a>.</p><p>MedCare mong muốn mang đến trải nghiệm khám chữa bệnh toàn diện – nơi mọi người dân đều có thể tiếp cận dịch vụ y tế chất lượng cao với chi phí hợp lý. Đây cũng là tiền đề để triển khai các mô hình bệnh viện thông minh tại các khu vực khác trên toàn quốc trong thời gian tới.</p>', '/uploads/1751100603161-290729194.jpg', '2025-06-28 08:50:03', '2025-06-28 08:57:55', 3, 'approved', 13),
	(15, 'Khai Mạc Tuần Lễ Tư Vấn Sức Khỏe Miễn Phí Tại MedCare', 'khai-mac-tuan-le-tu-van-suc-khoe-mien-phi-tai-medcare', 'MedCare triển khai chương trình tầm soát & tư vấn sức khỏe miễn phí trên toàn hệ thống từ 01-07/08/2025 với hàng nghìn phần quà và dịch vụ ưu đãi dành cho người dân', '<p>Nhằm hưởng ứng Tháng Hành động Vì Sức Khỏe Toàn Dân, hệ thống y tế MedCare triển khai chương trình “Tuần lễ Tư vấn &amp; Tầm soát sức khỏe miễn phí” diễn ra từ ngày 01 đến 07/08/2025 tại tất cả các cơ sở trong hệ thống. Sự kiện mang lại cơ hội khám sàng lọc và tư vấn sức khỏe miễn phí cho hàng nghìn người dân.</p><p>Trong chương trình, khách tham gia sẽ được:<br>- Tư vấn chuyên sâu bởi bác sĩ nội khoa, tim mạch, nội tiết.<br>- Đo huyết áp, đường huyết, chỉ số BMI hoàn toàn miễn phí.<br>- Tư vấn xây dựng lối sống khoa học, ăn uống – vận động hợp lý.</p><p>Đặc biệt, chương trình ưu tiên cho người lớn tuổi, người có tiền sử bệnh nền hoặc yếu tố nguy cơ cao như hút thuốc, béo phì, ít vận động...</p><p>Bác sĩ Lê Thị Mai (chuyên khoa nội tiết) chia sẻ: “Phát hiện sớm bệnh lý mạn tính là yếu tố then chốt trong điều trị thành công. Chúng tôi khuyến khích người dân khám định kỳ, tầm soát thường xuyên để tránh biến chứng nguy hiểm.”</p><p>Ngoài các dịch vụ miễn phí, khách hàng còn được nhận quà tặng y tế như khẩu trang, viên sủi vitamin C và phiếu ưu đãi 30% cho dịch vụ xét nghiệm nâng cao.</p><p>Thời gian: từ 7h30 – 16h30 hằng ngày, 01–07/08/2025 &nbsp;<br>Đăng ký tham dự qua hotline 1900 6060 hoặc website www.medcare.vn</p><p>Hãy cùng MedCare chủ động chăm sóc sức khỏe – bắt đầu từ việc tầm soát sớm hôm nay!<br>&nbsp;</p>', '/uploads/1751100720297-712639146.jpg', '2025-06-28 08:52:00', '2025-06-28 08:57:53', 3, 'approved', 13),
	(16, 'Hội Thảo “Sống Khỏe Cùng Gia Đình” Gây Ấn Tượng Mạnh Với Cộng Đồng', 'hoi-thao-song-khoe-cung-gia-djinh-gay-an-tuong-manh-voi-cong-djong', 'Sự kiện hội thảo chuyên đề về phòng bệnh chủ động thu hút hàng trăm người tham dự, nâng cao ý thức chăm sóc sức khỏe gia đình.', '<p>Ngày 20/08/2025, hơn 300 người đã tham gia hội thảo chuyên đề “Sống Khỏe Cùng Gia Đình” do MedCare tổ chức tại hội trường chính TP.HCM. Đây là sự kiện nằm trong chuỗi hoạt động cộng đồng nhằm nâng cao nhận thức y tế và lan tỏa lối sống khoa học đến từng gia đình.</p><p>Tại hội thảo, người tham dự được lắng nghe chia sẻ từ các chuyên gia đầu ngành về:<br>- Nhận biết và phòng ngừa 5 bệnh mạn tính phổ biến: tim mạch, đái tháo đường, COPD, ung thư, loãng xương.<br>- Thực hành xây dựng thói quen lành mạnh: chế độ ăn, giấc ngủ, vận động.<br>- Giới thiệu ứng dụng MedCare – nền tảng y tế thông minh cho đặt lịch, tư vấn và tra cứu kết quả từ xa.</p><p>TS.BS Nguyễn Quốc Tài phát biểu: “Để chăm sóc tốt sức khỏe cộng đồng, chúng ta phải bắt đầu từ chính mỗi gia đình. Giáo dục y học thường thức cho người thân là chìa khóa để chủ động phòng bệnh.”</p><p>Bên cạnh phần chuyên đề, hội thảo còn có phiên hỏi đáp trực tiếp với bác sĩ, trò chơi trắc nghiệm sức khỏe nhận quà và phiếu khám miễn phí.</p><p>Chương trình kết thúc trong sự hào hứng và đánh giá cao từ người dân. MedCare cam kết tiếp tục tổ chức nhiều hoạt động y tế cộng đồng có ý nghĩa và giá trị thực tiễn.</p><p>Thời gian tổ chức: 20/08/2025 &nbsp;<br>Địa điểm: Hội trường MedCare TP.HCM &nbsp;<br>Thông tin chi tiết tại: www.medcare.vn hoặc tổng đài 1900 6060<br>&nbsp;</p>', '/uploads/1750949381206-712435200.jpg', '2025-06-28 08:52:20', '2025-06-28 08:59:54', 3, 'approved', 13),
	(17, '7 Dấu Hiệu Sớm Cảnh Báo Cơ Thể Đang Thiếu Máu', '7-dau-hieu-som-canh-bao-co-the-djang-thieu-mau', 'Thiếu máu có thể diễn ra âm thầm và gây hậu quả nghiêm trọng nếu không phát hiện sớm. Cùng tìm hiểu 7 dấu hiệu điển hình giúp bạn nhận biết tình trạng thiếu máu.', '<p>Thiếu máu là tình trạng phổ biến ở mọi độ tuổi, đặc biệt là phụ nữ và người cao tuổi. Tuy không nguy hiểm ngay lập tức, nhưng nếu kéo dài, thiếu máu có thể ảnh hưởng nghiêm trọng đến tim mạch, trí nhớ và chất lượng cuộc sống.</p><p>Dưới đây là 7 dấu hiệu sớm bạn nên để ý:</p><blockquote><ol><li>Mệt mỏi kéo dài dù ngủ đủ giấc</li><li>Da xanh xao, niêm mạc nhợt nhạt (môi, lòng bàn tay, kết mạc mắt)</li><li>Thường xuyên chóng mặt, choáng váng, đặc biệt khi thay đổi tư thế</li><li>Nhịp tim nhanh, hồi hộp đánh trống ngực</li><li>Khó thở khi gắng sức</li><li>Tóc rụng nhiều, móng tay dễ gãy</li><li>Giảm tập trung, hay quên, dễ cáu gắt</li></ol></blockquote><p>Nếu bạn gặp từ 2 dấu hiệu trở lên, nên đến cơ sở y tế để làm xét nghiệm công thức máu. Ngoài ra, cần bổ sung sắt và vitamin B12 qua chế độ ăn hoặc theo chỉ định của bác sĩ.</p><p>Một số thực phẩm tốt cho người thiếu máu: thịt đỏ, gan, trứng, cải bó xôi, đậu lăng, mè đen, nước cam (giàu vitamin C giúp hấp thu sắt tốt hơn).</p><p>Đừng chủ quan với thiếu máu – phát hiện sớm, điều chỉnh kịp thời sẽ giúp bạn phục hồi nhanh chóng và sống khoẻ mạnh hơn.</p>', '/uploads/1751100843930-772486594.jpg', '2025-06-28 08:54:03', '2025-06-28 08:57:49', 2, 'approved', 3),
	(18, 'Vì Sao Người Trẻ Cũng Bị Cao Huyết Áp?', 'vi-sao-nguoi-tre-cung-bi-cao-huyet-ap', 'Tăng huyết áp không còn là bệnh của người già. Tỉ lệ người trẻ mắc bệnh đang ngày càng gia tăng. Đâu là nguyên nhân và cách phòng tránh?', '<p>Cao huyết áp từng được coi là "bệnh người già", nhưng hiện nay, nhiều người trẻ tuổi – thậm chí mới 25–30 tuổi – cũng mắc căn bệnh nguy hiểm này.</p><p>Theo thống kê của WHO, hơn 1/3 số người tăng huyết áp dưới 40 tuổi không hề biết mình có bệnh. Việc phát hiện muộn dẫn đến nhiều biến chứng: đột quỵ, suy tim, tổn thương thận…</p><p><strong>Nguyên nhân chính gây tăng huyết áp ở người trẻ:</strong></p><ul><li>Lối sống thiếu lành mạnh: thức khuya, ăn mặn, nhiều đồ chiên rán</li><li>Căng thẳng kéo dài, áp lực công việc</li><li>Ít vận động thể chất, lười tập thể dục</li><li>Sử dụng thuốc lá, rượu bia thường xuyên</li><li>Thừa cân – béo phì</li></ul><p><strong>Cách phòng ngừa:</strong></p><ul><li>Đo huyết áp định kỳ mỗi 6 tháng, kể cả khi còn trẻ</li><li>Ăn nhạt, tăng cường rau xanh và trái cây</li><li>Ngủ đủ giấc, giữ tinh thần thoải mái</li><li>Tập thể dục tối thiểu 30 phút/ngày</li><li>Hạn chế chất kích thích và rượu bia</li></ul><p>Quan trọng hơn, nếu gia đình có tiền sử cao huyết áp, bạn nên chủ động kiểm tra và theo dõi sớm. Việc điều chỉnh lối sống từ tuổi trẻ sẽ là “lá chắn” hiệu quả nhất để bảo vệ tim mạch cả đời.</p>', '/uploads/1750949381206-712435200.jpg', '2025-06-28 08:54:26', '2025-06-28 08:59:46', 2, 'approved', 3),
	(19, '5 Thói Quen Buổi Sáng Giúp Bạn Khỏe Mạnh Cả Ngày', '5-thoi-quen-buoi-sang-giup-ban-khoe-manh-ca-ngay', 'Sức khỏe tốt bắt đầu từ buổi sáng. Duy trì 5 thói quen đơn giản dưới đây sẽ giúp bạn tràn đầy năng lượng và phòng bệnh hiệu quả.', '<p>Một buổi sáng khoa học là nền tảng cho một ngày hiệu quả và một cơ thể khỏe mạnh. Chỉ với vài điều chỉnh nhỏ, bạn có thể cải thiện sức khỏe đáng kể mà không cần dùng thuốc.</p><p>Dưới đây là 5 thói quen buổi sáng được các chuyên gia khuyến nghị:</p><blockquote><ol><li><strong>Uống một ly nước ấm sau khi ngủ dậy</strong><br>Giúp làm sạch dạ dày, kích hoạt hệ tiêu hóa và bù nước cho cơ thể sau 7–8 giờ ngủ.</li><li><strong>Hít thở sâu hoặc tập vài động tác giãn cơ</strong><br>Hít thở chậm, sâu giúp tăng oxy cho não, thư giãn và giảm stress. Thể dục nhẹ như vươn vai, yoga cơ bản giúp máu lưu thông tốt hơn.</li><li><strong>Ăn sáng đầy đủ – đúng giờ</strong><br>Bỏ bữa sáng sẽ làm giảm trí nhớ, giảm trao đổi chất, tăng nguy cơ béo phì và tiểu đường. Nên ăn sáng giàu đạm và chất xơ như trứng, yến mạch, trái cây.</li><li><strong>Không dùng điện thoại ngay khi mở mắt</strong><br>Dành 15 phút đầu cho cơ thể “khởi động” tự nhiên trước khi bị kích thích bởi thông tin, ánh sáng xanh từ màn hình.</li><li><strong>Viết nhanh 3 điều bạn biết ơn hoặc đặt mục tiêu nhỏ trong ngày</strong><br>Thói quen tinh thần lành mạnh giúp cải thiện tâm lý, tăng sự tập trung và kiểm soát cảm xúc tốt hơn.</li></ol><p>Chỉ cần thực hiện đều đặn mỗi ngày, 5 bước nhỏ này sẽ tạo ra một thay đổi lớn trong sức khỏe và hiệu suất sống của bạn.</p></blockquote>', '/uploads/1750949381206-712435200.jpg', '2025-06-28 08:55:24', '2025-06-28 08:59:42', 4, 'approved', 14),
	(20, 'Làm Gì Khi Trẻ Biếng Ăn? 6 Nguyên Tắc Vàng Cho Cha Mẹ', 'lam-gi-khi-tre-bieng-an-6-nguyen-tac-vang-cho-cha-me', 'Trẻ biếng ăn là nỗi lo của nhiều phụ huynh. Áp dụng 6 nguyên tắc sau giúp cải thiện tình trạng này một cách khoa học và bền vững.', '<p>Biếng ăn ở trẻ em không chỉ ảnh hưởng đến chiều cao – cân nặng mà còn làm giảm sức đề kháng, dễ ốm vặt và chậm phát triển trí não. Tuy nhiên, nhiều cha mẹ lại rơi vào vòng luẩn quẩn: ép ăn – quát mắng – con sợ ăn hơn.</p><p>Dưới đây là 6 nguyên tắc giúp trẻ ăn ngon trở lại mà không cần la mắng hay ép buộc:</p><blockquote><ol><li><strong>Tôn trọng cảm giác đói – no của trẻ</strong><br>Không nên ép trẻ ăn khi bé không đói. Hãy quan sát dấu hiệu và cho trẻ ăn theo nhu cầu thật sự.</li><li><strong>Tạo không khí ăn uống vui vẻ, không căng thẳng</strong><br>Bữa ăn nên là thời gian gia đình kết nối, tránh quát tháo, trách phạt.</li><li><strong>Giới hạn thời gian bữa ăn (dưới 30 phút)</strong><br>Nếu sau 30 phút trẻ không ăn hết, hãy cất phần còn lại – không kéo dài sẽ tạo áp lực.</li><li><strong>Đa dạng món ăn, trình bày đẹp mắt</strong><br>Thay đổi thực đơn, tạo hình món ăn ngộ nghĩnh khiến trẻ hứng thú khám phá và muốn ăn hơn.</li><li><strong>Không cho trẻ ăn vặt sát giờ ăn chính</strong><br>Bánh kẹo, sữa hoặc snack làm trẻ no bụng, không còn cảm giác đói khi tới bữa.</li><li><strong>Cho trẻ vận động trước bữa ăn</strong><br>Chơi đùa nhẹ, đi bộ, chạy nhảy giúp trẻ tiêu hao năng lượng và đói bụng tự nhiên.</li></ol></blockquote><p>Ngoài ra, nếu trẻ biếng ăn kéo dài, sụt cân, hãy đưa trẻ đi khám dinh dưỡng để được tư vấn bổ sung vi chất nếu cần.</p><p>Cha mẹ kiên nhẫn – trẻ sẽ tiến bộ. Hãy biến bữa ăn thành niềm vui chứ không phải cuộc chiến!</p>', '/uploads/1751100953529-686189635.jpg', '2025-06-28 08:55:53', '2025-06-28 08:57:43', 4, 'approved', 14),
	(21, 'Hành Trình Vượt Qua Ung Thư Dạ Dày Của Bác Minh – “Tôi Không Bao Giờ Bỏ Cuộc”', 'hanh-trinh-vuot-qua-ung-thu-da-day-cua-bac-minh-toi-khong-bao-gio-bo-cuoc', 'Từ một người bình thường đến bệnh nhân ung thư, bác Minh đã kiên cường chiến đấu và truyền cảm hứng cho biết bao người nhờ tinh thần không đầu hàng số phận.', '<p>“Lúc bác sĩ nói tôi bị ung thư dạ dày giai đoạn 2, tôi như rơi xuống vực. Nhưng thay vì gục ngã, tôi chọn đứng dậy.”</p><p>Đó là chia sẻ của bác Minh – 62 tuổi, quê ở Bình Dương – người vừa hoàn tất phác đồ điều trị ung thư dạ dày tại MedCare và có kết quả hồi phục tốt.</p><p>Phát hiện bệnh nhờ một lần nội soi kiểm tra định kỳ, bác Minh kể: “Tôi không hề có triệu chứng nghiêm trọng. Chỉ thỉnh thoảng đau âm ỉ. Vợ tôi khuyên đi khám tổng quát. May quá, phát hiện sớm.”</p><p>Sau khi hội chẩn, bác sĩ quyết định điều trị bằng phẫu thuật cắt một phần dạ dày, kết hợp hóa trị nhẹ sau mổ. Những tháng đầu rất khó khăn – ăn uống kém, sút cân, tinh thần xuống dốc. Nhưng nhờ sự đồng hành của bác sĩ, gia đình và các bệnh nhân khác, bác Minh dần lấy lại nghị lực.</p><p>Mỗi ngày, bác đều đi bộ 15 phút, đọc sách, viết nhật ký. “Tôi viết mỗi ngày như lời nhắc nhở bản thân: sống từng ngày thật ý nghĩa.” – bác kể.</p><p>Sau 9 tháng, sức khỏe bác ổn định, lên cân trở lại, kết quả tầm soát không phát hiện tế bào ác tính.</p><p>“Ung thư không phải dấu chấm hết. Nếu phát hiện sớm và giữ tinh thần lạc quan, bạn có thể vượt qua. Tôi là minh chứng sống.” – bác Minh mỉm cười.</p>', '/uploads/1750949381206-712435200.jpg', '2025-06-28 08:56:38', '2025-06-28 08:59:30', 5, 'approved', 32),
	(22, 'Mẹ Bỉm Sữa Chiến Đấu Với Trầm Cảm Sau Sinh – “Tôi Đã Trở Lại Là Chính Mình”', 'me-bim-sua-chien-djau-voi-tram-cam-sau-sinh-toi-dja-tro-lai-la-chinh-minh', 'Không ai nghĩ một người mẹ trẻ, tràn đầy năng lượng lại từng chìm sâu trong trầm cảm sau sinh. Hành trình tìm lại ánh sáng của chị Lan là bài học lớn cho nhiều gia đình.', '<p>“Khi con tôi chào đời, ai cũng cười. Nhưng tôi thì không. Tôi chỉ muốn… biến mất.”</p><p>Chị Lan – 28 tuổi, nhân viên văn phòng – từng trải qua một giai đoạn trầm cảm sau sinh nặng. Cô không muốn ăn, không muốn ngủ, thậm chí không dám bế con vì sợ mình làm sai. Tình trạng kéo dài khiến gia đình vô cùng lo lắng.</p><p>Nhờ sự động viên từ chồng, chị quyết định đến MedCare tham vấn tâm lý. Sau buổi trò chuyện đầu tiên, chị bật khóc nức nở: “Lần đầu tiên có người chịu nghe tôi nói mà không phán xét.”</p><p>Với liệu trình trị liệu tâm lý hàng tuần, kết hợp chế độ dinh dưỡng, tập yoga nhẹ và viết nhật ký, sau 3 tháng chị Lan đã ổn định tâm lý. “Tôi học cách tha thứ cho bản thân. Tôi không cần phải là người mẹ hoàn hảo – tôi chỉ cần là một người mẹ đang cố gắng.”</p><p>Giờ đây, chị Lan trở thành thành viên tích cực trong Cộng đồng Mẹ Sau Sinh MedCare, nơi chị chia sẻ câu chuyện của mình và truyền năng lượng tích cực đến nhiều bà mẹ khác.</p><p>“Tôi từng rất sợ bóng tối, nhưng chính nơi đó đã giúp tôi hiểu ánh sáng quý giá đến nhường nào.”</p>', '/uploads/1750949381206-712435200.jpg', '2025-06-28 08:56:56', '2025-06-28 08:58:55', 5, 'approved', 32);

-- Dumping structure for table medcare_db.post_categories
CREATE TABLE IF NOT EXISTS `post_categories` (
  `id` int NOT NULL AUTO_INCREMENT,
  `name` varchar(255) NOT NULL,
  `slug` varchar(255) NOT NULL,
  `description` text,
  `createdAt` datetime NOT NULL,
  `updatedAt` datetime NOT NULL,
  PRIMARY KEY (`id`),
  UNIQUE KEY `slug` (`slug`),
  UNIQUE KEY `slug_2` (`slug`),
  UNIQUE KEY `slug_3` (`slug`),
  UNIQUE KEY `slug_4` (`slug`),
  UNIQUE KEY `slug_5` (`slug`),
  UNIQUE KEY `slug_6` (`slug`),
  UNIQUE KEY `slug_7` (`slug`),
  UNIQUE KEY `slug_8` (`slug`),
  UNIQUE KEY `slug_9` (`slug`),
  UNIQUE KEY `slug_10` (`slug`),
  UNIQUE KEY `slug_11` (`slug`),
  UNIQUE KEY `slug_12` (`slug`),
  UNIQUE KEY `slug_13` (`slug`),
  UNIQUE KEY `slug_14` (`slug`),
  UNIQUE KEY `slug_15` (`slug`),
  UNIQUE KEY `slug_16` (`slug`),
  UNIQUE KEY `slug_17` (`slug`),
  UNIQUE KEY `slug_18` (`slug`),
  UNIQUE KEY `slug_19` (`slug`),
  UNIQUE KEY `slug_20` (`slug`),
  UNIQUE KEY `slug_21` (`slug`),
  UNIQUE KEY `slug_22` (`slug`),
  UNIQUE KEY `slug_23` (`slug`),
  UNIQUE KEY `slug_24` (`slug`),
  UNIQUE KEY `slug_25` (`slug`),
  UNIQUE KEY `slug_26` (`slug`),
  UNIQUE KEY `slug_27` (`slug`),
  UNIQUE KEY `slug_28` (`slug`),
  UNIQUE KEY `slug_29` (`slug`),
  UNIQUE KEY `slug_30` (`slug`),
  UNIQUE KEY `slug_31` (`slug`),
  UNIQUE KEY `slug_32` (`slug`),
  UNIQUE KEY `slug_33` (`slug`),
  UNIQUE KEY `slug_34` (`slug`),
  UNIQUE KEY `slug_35` (`slug`),
  UNIQUE KEY `slug_36` (`slug`),
  UNIQUE KEY `slug_37` (`slug`),
  UNIQUE KEY `slug_38` (`slug`),
  UNIQUE KEY `slug_39` (`slug`),
  UNIQUE KEY `slug_40` (`slug`),
  UNIQUE KEY `slug_41` (`slug`),
  UNIQUE KEY `slug_42` (`slug`),
  UNIQUE KEY `slug_43` (`slug`),
  UNIQUE KEY `slug_44` (`slug`),
  UNIQUE KEY `slug_45` (`slug`),
  UNIQUE KEY `slug_46` (`slug`),
  UNIQUE KEY `slug_47` (`slug`),
  UNIQUE KEY `slug_48` (`slug`),
  UNIQUE KEY `slug_49` (`slug`),
  UNIQUE KEY `slug_50` (`slug`),
  UNIQUE KEY `slug_51` (`slug`),
  UNIQUE KEY `slug_52` (`slug`),
  UNIQUE KEY `slug_53` (`slug`),
  UNIQUE KEY `slug_54` (`slug`),
  UNIQUE KEY `slug_55` (`slug`),
  UNIQUE KEY `slug_56` (`slug`)
) ENGINE=InnoDB AUTO_INCREMENT=7 DEFAULT CHARSET=utf8mb4 COLLATE=utf8mb4_0900_ai_ci;

-- Dumping data for table medcare_db.post_categories: ~5 rows (approximately)
DELETE FROM `post_categories`;
INSERT INTO `post_categories` (`id`, `name`, `slug`, `description`, `createdAt`, `updatedAt`) VALUES
	(1, 'Kiến thức y học', 'kien-thuc-y-hoc', 'Cập nhật kiến thức y học thiết thực, dễ hiểu – giúp bạn nhận biết bệnh sớm, phòng ngừa hiệu quả và sống khỏe mỗi ngày.', '2025-06-26 10:07:22', '2025-06-26 15:33:48'),
	(2, 'Y học thường thức', 'y-hoc-thuong-thuc', 'Cung cấp kiến thức y học cơ bản, dễ hiểu để bạn chăm sóc sức khoẻ hàng ngày một cách khoa học và hiệu quả.', '2025-06-26 14:13:31', '2025-06-28 08:44:32'),
	(3, 'Tin tuc su kien', 'su-kien', 'Thông tin về các sự kiện y tế, chương trình khám bệnh miễn phí, hội thảo chuyên đề, khai trương cơ sở mới...', '2025-06-26 14:13:56', '2025-06-28 08:44:23'),
	(4, 'Cẩm nang sức khỏe', 'cam-nang-suc-khoe', 'Tổng hợp các lời khuyên về dinh dưỡng, vận động, giấc ngủ và phòng bệnh giúp bạn sống khỏe mỗi ngày.', '2025-06-28 08:44:54', '2025-06-28 08:44:54'),
	(5, 'Câu chuyện bệnh nhân', 'cau-chuyen-benh-nhan', 'Những chia sẻ thực tế từ bệnh nhân về hành trình điều trị, phục hồi và kinh nghiệm vượt qua bệnh tật', '2025-06-28 08:45:15', '2025-06-28 08:45:15'),
	(6, 'Tin nổi bật', 'tin-noi-bat', 'Các bài viết nổi bật trong tuần/tháng được nhiều người đọc và chia sẻ nhất.', '2025-06-28 08:45:40', '2025-06-28 08:45:40');

-- Dumping structure for table medcare_db.services
CREATE TABLE IF NOT EXISTS `services` (
  `id` int NOT NULL AUTO_INCREMENT,
  `title` varchar(255) NOT NULL,
  `description` text,
  `detail` text,
  `image_url` varchar(255) DEFAULT NULL,
  `createdAt` datetime NOT NULL,
  `updatedAt` datetime NOT NULL,
  `appliesTo` json DEFAULT NULL,
  `slug` varchar(255) DEFAULT NULL,
  `price` int DEFAULT NULL,
  PRIMARY KEY (`id`),
  UNIQUE KEY `slug` (`slug`),
  UNIQUE KEY `slug_2` (`slug`),
  UNIQUE KEY `slug_3` (`slug`),
  UNIQUE KEY `slug_4` (`slug`),
  UNIQUE KEY `slug_5` (`slug`),
  UNIQUE KEY `slug_6` (`slug`),
  UNIQUE KEY `slug_7` (`slug`),
  UNIQUE KEY `slug_8` (`slug`),
  UNIQUE KEY `slug_9` (`slug`),
  UNIQUE KEY `slug_10` (`slug`),
  UNIQUE KEY `slug_11` (`slug`),
  UNIQUE KEY `slug_12` (`slug`),
  UNIQUE KEY `slug_13` (`slug`),
  UNIQUE KEY `slug_14` (`slug`),
  UNIQUE KEY `slug_15` (`slug`),
  UNIQUE KEY `slug_16` (`slug`),
  UNIQUE KEY `slug_17` (`slug`),
  UNIQUE KEY `slug_18` (`slug`),
  UNIQUE KEY `slug_19` (`slug`),
  UNIQUE KEY `slug_20` (`slug`),
  UNIQUE KEY `slug_21` (`slug`),
  UNIQUE KEY `slug_22` (`slug`),
  UNIQUE KEY `slug_23` (`slug`),
  UNIQUE KEY `slug_24` (`slug`),
  UNIQUE KEY `slug_25` (`slug`),
  UNIQUE KEY `slug_26` (`slug`),
  UNIQUE KEY `slug_27` (`slug`),
  UNIQUE KEY `slug_28` (`slug`),
  UNIQUE KEY `slug_29` (`slug`),
  UNIQUE KEY `slug_30` (`slug`),
  UNIQUE KEY `slug_31` (`slug`),
  UNIQUE KEY `slug_32` (`slug`),
  UNIQUE KEY `slug_33` (`slug`),
  UNIQUE KEY `slug_34` (`slug`),
  UNIQUE KEY `slug_35` (`slug`),
  UNIQUE KEY `slug_36` (`slug`),
  UNIQUE KEY `slug_37` (`slug`),
  UNIQUE KEY `slug_38` (`slug`),
  UNIQUE KEY `slug_39` (`slug`),
  UNIQUE KEY `slug_40` (`slug`),
  UNIQUE KEY `slug_41` (`slug`),
  UNIQUE KEY `slug_42` (`slug`),
  UNIQUE KEY `slug_43` (`slug`),
  UNIQUE KEY `slug_44` (`slug`),
  UNIQUE KEY `slug_45` (`slug`),
  UNIQUE KEY `slug_46` (`slug`),
  UNIQUE KEY `slug_47` (`slug`),
  UNIQUE KEY `slug_48` (`slug`),
  UNIQUE KEY `slug_49` (`slug`),
  UNIQUE KEY `slug_50` (`slug`),
  UNIQUE KEY `slug_51` (`slug`),
  UNIQUE KEY `slug_52` (`slug`),
  UNIQUE KEY `slug_53` (`slug`),
  UNIQUE KEY `slug_54` (`slug`),
  UNIQUE KEY `slug_55` (`slug`),
  UNIQUE KEY `slug_56` (`slug`),
  UNIQUE KEY `slug_57` (`slug`),
  UNIQUE KEY `slug_58` (`slug`),
  UNIQUE KEY `slug_59` (`slug`),
  UNIQUE KEY `slug_60` (`slug`),
  UNIQUE KEY `slug_61` (`slug`),
  UNIQUE KEY `slug_62` (`slug`),
  UNIQUE KEY `slug_63` (`slug`)
) ENGINE=InnoDB AUTO_INCREMENT=58 DEFAULT CHARSET=utf8mb4 COLLATE=utf8mb4_0900_ai_ci;

-- Dumping data for table medcare_db.services: ~54 rows (approximately)
DELETE FROM `services`;
INSERT INTO `services` (`id`, `title`, `description`, `detail`, `image_url`, `createdAt`, `updatedAt`, `appliesTo`, `slug`, `price`) VALUES
	(1, 'Khám sức khỏe tổng quát', 'Dịch vụ kiểm tra sức khỏe định kỳ toàn diện giúp phát hiện sớm các yếu tố nguy cơ bệnh lý tim mạch, tiểu đường, rối loạn mỡ máu, gan, thận… và đưa ra phác đồ chăm sóc phù hợp.', 'Bệnh nhân đăng ký khám sẽ được kiểm tra chiều cao, cân nặng, huyết áp, chỉ số BMI. Tiếp đó là xét nghiệm máu tổng quát, chức năng gan – thận, đường huyết, mỡ máu, nước tiểu.\nSau đó, bệnh nhân được bác sĩ nội tổng quát tư vấn kết quả và đưa ra khuyến nghị cụ thể về chế độ ăn uống, tập luyện và lịch tái khám.\nMột số trường hợp có thể được chỉ định thêm siêu âm tổng quát, đo điện tim, chụp X-quang ngực tùy theo nhu cầu', '/uploads/1749914163336-806018910.svg', '2025-06-07 16:53:40', '2025-06-26 08:11:16', NULL, NULL, 500000),
	(2, 'Tư vấn điều trị tiểu đường', 'Theo dõi, kiểm soát đường huyết hiệu quả.', 'Chẩn đoán phân loại, kê thuốc hạ đường, tư vấn dinh dưỡng.', '/uploads/1749915011327-269060672.svg', '2025-06-07 16:53:43', '2025-06-22 15:48:53', '["f_u60", "fm_u60", "m_u60"]', NULL, 500000),
	(3, 'Điện tâm đồ (ECG) nghỉ', 'Điện tâm đồ là kỹ thuật không xâm lấn giúp ghi lại hoạt động điện của tim, hỗ trợ chẩn đoán các rối loạn nhịp tim, thiếu máu cơ tim, dày thất, rối loạn dẫn truyền… một cách nhanh chóng và chính xác.', 'Bệnh nhân nằm nghỉ, không nói chuyện, tháo bỏ vật kim loại và các thiết bị ảnh hưởng đến sóng điện tim.\nKỹ thuật viên gắn 10 điện cực lên vị trí tiêu chuẩn ở tay, chân và ngực.\nMáy ECG sẽ ghi lại biểu đồ hoạt động tim trong khoảng 1–2 phút.\nKết quả được bác sĩ chuyên khoa tim mạch đọc ngay tại chỗ để phát hiện bất thường và đưa ra hướng xử trí nếu cần.', '/uploads/1749915072583-985837555.svg', '2025-06-07 16:53:46', '2025-06-22 16:26:31', NULL, NULL, 500000),
	(4, 'Khám và tư vấn tăng huyết áp', 'Dịch vụ giúp đánh giá tình trạng tăng huyết áp ở người bệnh, phát hiện sớm các biến chứng liên quan và đưa ra phác đồ điều trị cá nhân hóa nhằm kiểm soát huyết áp hiệu quả và bền vững.', 'Bệnh nhân được đo huyết áp bằng máy điện tử nhiều lần tại chỗ và ghi nhận bằng nhật ký huyết áp tại nhà nếu cần.\nThăm khám lâm sàng hệ tim mạch – mạch ngoại vi, đánh giá các yếu tố nguy cơ như béo phì, tiểu đường, hút thuốc…\nThực hiện các xét nghiệm như mỡ máu, đường huyết, chức năng thận và điện tâm đồ.\nBác sĩ tim mạch sẽ phân tầng nguy cơ, kê toa thuốc phù hợp và tư vấn thay đổi lối sống. Trường hợp cần theo dõi sát sẽ được đặt hẹn định kỳ hoặc giới thiệu đo huyết áp 24 giờ.', '/uploads/1749915084957-552674204.svg', '2025-06-07 16:53:49', '2025-06-22 16:26:03', '["fm_u60", "fm_60"]', NULL, 500000),
	(5, 'Siêu âm tim Doppler màu', 'Siêu âm tim là phương pháp chẩn đoán hình ảnh giúp đánh giá cấu trúc và chức năng tim, phát hiện các bệnh lý như hở van tim, dày thành tim, tràn dịch màng tim, bệnh tim bẩm sinh...', 'Bệnh nhân nằm nghiêng trái, ngực được bôi gel siêu âm để tăng độ truyền sóng.\nBác sĩ sử dụng đầu dò siêu âm để khảo sát tim qua nhiều mặt cắt. Kỹ thuật Doppler màu và phổ giúp đánh giá lưu lượng máu qua các buồng tim và van tim.\nToàn bộ hình ảnh và chỉ số được ghi lại và phân tích trực tiếp. Sau khi hoàn tất, bác sĩ sẽ đọc kết quả và tư vấn tình trạng tim mạch cụ thể cho bệnh nhân.', '/uploads/1749915099714-29109445.svg', '2025-06-07 16:53:53', '2025-06-22 16:26:50', '["f_60", "m_60"]', NULL, 500000),
	(6, 'Tư vấn phòng ngừa đột quỵ', 'Đánh giá nguy cơ và hướng dẫn thay đổi lối sống.', 'Kiểm tra huyết áp, đường huyết, mỡ máu, ECG, lối sống và thuốc phòng ngừa.dsds', '/uploads/1749915125019-439319405.svg', '2025-06-07 16:53:56', '2025-06-22 15:49:51', NULL, NULL, 500000),
	(7, 'Khám sức khỏe tổng quát cho trẻ em', 'Dịch vụ giúp đánh giá toàn diện thể chất – dinh dưỡng – phát triển của trẻ từ sơ sinh đến 16 tuổi, tầm soát sớm các rối loạn tăng trưởng, bệnh lý mãn tính và hướng dẫn chăm sóc phù hợp theo từng độ tuổi.', 'Bác sĩ Nhi tiếp nhận thông tin sức khỏe, tiền sử sinh – bệnh, lịch tiêm chủng và chiều cao – cân nặng hiện tại.\nĐánh giá phát triển thể chất (BMI, chiều cao, vòng đầu), tinh thần vận động – ngôn ngữ theo độ tuổi.\nThực hiện các xét nghiệm cơ bản: công thức máu, đường huyết, phân tích nước tiểu, vi chất (nếu cần).\nTư vấn dinh dưỡng, chế độ vận động và lịch hẹn theo dõi định kỳ cho trẻ.', '/uploads/1749915138959-529655092.svg', '2025-06-07 16:54:00', '2025-06-22 16:29:07', NULL, NULL, 500000),
	(8, 'Điều trị viêm hô hấp cấp', 'Chăm sóc trẻ bị ho, sốt, sổ mũi.', 'Chẩn đoán nhiễm siêu vi, kê thuốc phù hợp, hướng dẫn chăm sóc tại nhà.', '/uploads/1749915162167-306789961.svg', '2025-06-07 16:54:03', '2025-06-22 15:50:13', NULL, NULL, 500000),
	(9, 'Tư vấn tiêm chủnggg', 'Lập kế hoạch và theo dõi tiêm chủng cho trẻ.', 'Tư vấn lịch tiêm chủng mở rộng, vaccine dịch vụ, tư vấn phản ứng sau tiêm.', '/uploads/1749915180552-593991317.svg', '2025-06-07 16:54:06', '2025-06-22 15:50:20', NULL, NULL, 500000),
	(10, 'Nội soi tai – mũi – họng', 'Dịch vụ giúp khảo sát hình ảnh chi tiết cấu trúc tai, mũi, họng – hỗ trợ phát hiện polyp mũi, viêm xoang, viêm thanh quản, u vòm họng... với độ chính xác cao.', 'Bệnh nhân được gây tê niêm mạc mũi – họng bằng thuốc xịt chuyên dụng.\nBác sĩ sử dụng ống nội soi mềm hoặc ống cứng đường kính nhỏ để quan sát từng vị trí: hốc mũi, vòm mũi họng, thanh quản và tai giữa qua vòi Eustache.\nToàn bộ hình ảnh được hiển thị trên màn hình và lưu trữ nếu cần theo dõi tiến triển bệnh.\nSau nội soi, bác sĩ tư vấn kết luận và hướng điều trị phù hợp.', '/uploads/1749915188997-551736278.svg', '2025-06-07 16:54:09', '2025-06-22 16:33:42', NULL, NULL, 500000),
	(11, 'Điều trị viêm xoang', 'Điều trị viêm xoang cấp và mãn tính không xâm lấn.', 'Thuốc kháng sinh, xông mũi, hút dịch xoang, hỗ trợ bằng vật lý trị liệu.', '/uploads/1749915198239-662343352.svg', '2025-06-07 16:54:13', '2025-06-14 15:33:18', NULL, NULL, 500000),
	(12, 'Phẫu thuật cắt amidan', 'Giảm tái phát viêm amidan gây sốt và đau họng mạn tính.', 'Phẫu thuật không đau bằng dao plasma hoặc laser hiện đại.', '/uploads/1749915213535-839922542.svg', '2025-06-07 16:54:15', '2025-06-14 15:33:33', NULL, NULL, 500000),
	(13, 'Khám và điều trị mụn trứng cá', 'Dịch vụ chuyên sâu chẩn đoán và điều trị mụn trứng cá ở mọi cấp độ – từ mụn ẩn, mụn viêm đến mụn bọc nặng, giúp kiểm soát nhờn, giảm thâm sẹo và phục hồi làn da khỏe mạnh.', 'Bác sĩ da liễu thăm khám trực tiếp vùng da bị mụn, phân loại mức độ (nhẹ – trung bình – nặng).\nKhai thác thói quen chăm sóc da, chế độ ăn uống, nội tiết và yếu tố stress.\nChỉ định điều trị bằng thuốc bôi, thuốc uống (retinoid, kháng sinh, nội tiết...), kết hợp liệu trình hỗ trợ như lấy nhân mụn y khoa, ánh sáng xanh, peel da hóa học.\nHướng dẫn chăm sóc da tại nhà và theo dõi định kỳ để tránh tái phát.', '/uploads/1749915229472-59528165.svg', '2025-06-07 16:54:19', '2025-06-22 16:34:59', NULL, NULL, 500000),
	(14, 'Laser trị nám, tàn nhang', 'Xoá mờ vết nám, tàn nhang với công nghệ hiện đại.', 'Ứng dụng laser YAG, Fractional CO2, IPL tuỳ tình trạng da.', '/uploads/1749915249455-745683908.svg', '2025-06-07 16:54:21', '2025-06-22 15:51:00', NULL, NULL, 500000),
	(15, 'Khám và điều trị nấm da', 'Xử lý viêm da, lang ben, hắc lào, nấm móng.', 'Dùng thuốc kháng nấm đường bôi hoặc uống tuỳ vùng tổn thương.', '/uploads/1749915264471-398751210.svg', '2025-06-07 16:54:25', '2025-06-16 20:28:17', NULL, NULL, 500000),
	(16, 'Đo đường huyết lúc đóiiii', ' Xét nghiệm máu để xác định mức glucose trong máu sau khi nhịn ăn ít nhất 8 giờ. Giúp chẩn đoán sớm tiểu đường hoặc tiền tiểu đường', NULL, '/uploads/1750141207367-252009574.svg', '2025-06-14 18:20:29', '2025-06-22 15:51:13', '[]', NULL, 500000),
	(18, 'Khám mắt ', 'Tầm soát sức khỏe toàn diện, phát hiện bệnh sớm.', NULL, '/uploads/1750141224503-431960217.jpg', '2025-06-17 06:20:24', '2025-06-17 06:20:24', '[]', 'kham-mat', 500000),
	(20, 'Nội soi dạ dày gây mê', 'Dịch vụ nội soi dạ dày gây mê giúp kiểm tra trực tiếp niêm mạc thực quản – dạ dày – tá tràng mà không gây cảm giác khó chịu cho bệnh nhân, phù hợp cho cả người lớn tuổi và trẻ em.', 'Bệnh nhân sẽ được bác sĩ chuyên khoa thăm khám tổng quát và khai thác các triệu chứng liên quan như ợ nóng, đau bụng, khó tiêu, trào ngược... Sau đó, thực hiện các xét nghiệm cần thiết để đánh giá trước khi gây mê như công thức máu, chức năng gan thận.\nSau khi được bác sĩ gây mê đánh giá, bệnh nhân được đưa vào phòng nội soi, thực hiện gây mê ngắn qua đường tĩnh mạch.\nQuá trình nội soi diễn ra trong khoảng 5–10 phút với ống nội soi mềm. Bệnh nhân sau đó được theo dõi tại phòng hồi tỉnh.\nSau khi tỉnh táo, bác sĩ sẽ đọc kết quả và tư vấn phương án điều trị phù hợp nếu phát hiện bất thường.', '/uploads/1750608992115-490030313.svg', '2025-06-22 16:16:32', '2025-06-22 16:16:32', '[]', 'noi-soi-da-day-gay-me', 500000),
	(21, 'Tầm soát ung thư tiêu hóa định kỳ', 'Gói tầm soát chuyên sâu nhằm phát hiện sớm các dấu hiệu ung thư dạ dày, đại tràng – hai loại ung thư tiêu hóa phổ biến và nguy hiểm. Việc kiểm tra định kỳ giúp tăng khả năng điều trị hiệu quả nếu phát hiện bệnh ở giai đoạn sớm.', 'Bệnh nhân sẽ được bác sĩ tư vấn chuyên môn để đánh giá yếu tố nguy cơ (di truyền, ăn uống, tuổi tác...). Các xét nghiệm máu bao gồm chất chỉ điểm ung thư (CEA, CA19-9), H.pylori, men gan, chức năng thận sẽ được thực hiện.\nSau đó bệnh nhân được thực hiện nội soi dạ dày có gây mê để kiểm tra tổn thương niêm mạc, polyp hoặc loét.\nVới bệnh nhân trên 40 tuổi hoặc có nguy cơ cao, nội soi đại tràng cũng được chỉ định.\nCuối cùng, bác sĩ sẽ tổng hợp kết quả, trả lời trực tiếp và hướng dẫn phương án theo dõi hoặc điều trị nếu cần.', '', '2025-06-22 16:17:17', '2025-06-22 16:17:17', '[]', 'tam-soat-ung-thu-tieu-hoa-inh-ky', 500000),
	(22, 'Điều trị trào ngược dạ dày thực quản', 'Dịch vụ điều trị trào ngược giúp kiểm soát triệu chứng và ngăn ngừa biến chứng ở những bệnh nhân thường xuyên ợ nóng, buồn nôn, cảm giác nghẹn hoặc đau tức ngực không do tim mạch.', 'Bác sĩ chuyên khoa sẽ trao đổi chi tiết với bệnh nhân về tiền sử bệnh lý, thói quen ăn uống và triệu chứng gặp phải. Sau đó, tiến hành thăm khám lâm sàng vùng thượng vị và thực hiện các xét nghiệm liên quan như test HP, nội soi dạ dày có sinh thiết nếu cần.\nDựa trên kết quả, bác sĩ kê toa điều trị gồm thuốc ức chế acid, bảo vệ niêm mạc và điều chỉnh chế độ ăn uống, sinh hoạt. Trường hợp nặng có thể được tư vấn phẫu thuật hoặc can thiệp nội soi nâng cao.', '', '2025-06-22 16:18:24', '2025-06-22 16:18:24', '[]', 'ieu-tri-trao-nguoc-da-day-thuc-quan', 500000),
	(23, 'Xét nghiệm tìm vi khuẩn HP', 'Kiểm tra sự hiện diện của vi khuẩn Helicobacter pylori – nguyên nhân chính gây viêm loét dạ dày, ung thư dạ dày. Xét nghiệm nhanh, chính xác giúp xác định sớm để điều trị kịp thời.', 'Bệnh nhân được tư vấn lựa chọn phương pháp xét nghiệm phù hợp: test hơi thở (urease breath test), xét nghiệm phân, xét nghiệm máu hoặc nội soi sinh thiết.\nTrường hợp test hơi thở, bệnh nhân cần nhịn ăn ít nhất 6 tiếng trước khi test. Quy trình test diễn ra nhanh chóng, an toàn, không xâm lấn.\nKết quả sẽ được bác sĩ giải thích và tư vấn điều trị diệt HP nếu dương tính.', '', '2025-06-22 16:18:50', '2025-06-22 16:18:50', '[]', 'xet-nghiem-tim-vi-khuan-hp', 500000),
	(24, 'Điều trị viêm loét dạ dày tá tràng', 'Kiểm tra sự hiện diện của vi khuẩn Helicobacter pylori – nguyên nhân chính gây viêm loét dạ dày, ung thư dạ dày. Xét nghiệm nhanh, chính xác giúp xác định sớm để điều trị kịp thời.', 'Bệnh nhân được tư vấn lựa chọn phương pháp xét nghiệm phù hợp: test hơi thở (urease breath test), xét nghiệm phân, xét nghiệm máu hoặc nội soi sinh thiết.\nTrường hợp test hơi thở, bệnh nhân cần nhịn ăn ít nhất 6 tiếng trước khi test. Quy trình test diễn ra nhanh chóng, an toàn, không xâm lấn.\nKết quả sẽ được bác sĩ giải thích và tư vấn điều trị diệt HP nếu dương tính.', '', '2025-06-22 16:19:19', '2025-06-22 16:19:19', '[]', 'ieu-tri-viem-loet-da-day-ta-trang', 500000),
	(25, 'Tư vấn kiểm soát tăng huyết áp', 'Dịch vụ dành cho bệnh nhân có chỉ số huyết áp cao hoặc dao động bất thường, giúp kiểm soát và giảm nguy cơ đột quỵ, suy tim, bệnh mạch vành.', 'Bệnh nhân được đo huyết áp nhiều lần trong ngày, kết hợp khám lâm sàng và xét nghiệm liên quan như đường huyết, mỡ máu, creatinine, điện giải đồ.\nBác sĩ sẽ đánh giá toàn diện yếu tố nguy cơ, hướng dẫn điều chỉnh lối sống và kê đơn thuốc phù hợp nếu cần.\nMột số bệnh nhân sẽ được cấp sổ theo dõi huyết áp để ghi lại chỉ số và tái khám định kỳ theo hướng dẫn.', '', '2025-06-22 16:21:50', '2025-06-22 16:21:50', '[]', 'tu-van-kiem-soat-tang-huyet-ap', 500000),
	(26, 'Quản lý bệnh lý rối loạn chuyển hóa', 'Dịch vụ chẩn đoán và điều trị các rối loạn như tăng cholesterol, rối loạn đường huyết, hội chứng chuyển hóa – những yếu tố nguy cơ gây biến chứng tim mạch, tiểu đường.', 'Bác sĩ thực hiện khai thác tiền sử bệnh nhân, chỉ số BMI, vòng bụng.\nBệnh nhân được lấy máu kiểm tra đường huyết, HbA1c, lipid toàn phần, triglyceride, HDL, LDL…\nSau đó, bác sĩ đưa ra phác đồ điều trị bao gồm thuốc nếu cần, kèm theo hướng dẫn về chế độ ăn và tập luyện.\nBệnh nhân có thể được tư vấn kết hợp khám chuyên khoa dinh dưỡng nếu cần cải thiện lối sống tích cực.', '', '2025-06-22 16:22:16', '2025-06-22 16:22:16', '[]', 'quan-ly-benh-ly-roi-loan-chuyen-hoa', 500000),
	(27, 'Tư vấn và chẩn đoán rối loạn giấc ngủ', 'Dịch vụ giúp phát hiện sớm các rối loạn giấc ngủ như mất ngủ kinh niên, ngủ ngáy, ngưng thở khi ngủ, ngủ không sâu giấc... nhằm cải thiện chất lượng sống và hiệu suất làm việc.', 'Bệnh nhân sẽ được bác sĩ khai thác chi tiết tiền sử giấc ngủ, các biểu hiện bất thường trong khi ngủ, tình trạng lo âu – căng thẳng.\nCó thể thực hiện trắc nghiệm giấc ngủ (Sleep Questionnaire) và ghi nhật ký giấc ngủ.\nNếu nghi ngờ ngưng thở khi ngủ, bệnh nhân sẽ được giới thiệu thực hiện đo đa ký giấc ngủ (Polysomnography).\nSau đó, bác sĩ nội tổng quát tư vấn liệu trình điều trị bằng thuốc, hành vi – tâm lý hoặc chuyển tuyến chuyên sâu nếu cần.', '', '2025-06-22 16:23:27', '2025-06-22 16:23:27', '[]', 'tu-van-va-chan-oan-roi-loan-giac-ngu', 500000),
	(28, 'Kiểm tra chức năng gan', 'Dịch vụ đánh giá toàn diện chức năng gan, phát hiện sớm các vấn đề như viêm gan siêu vi, gan nhiễm mỡ, xơ gan, rối loạn men gan, đặc biệt ở người thường xuyên uống rượu bia, dùng thuốc kéo dài hoặc có bệnh lý mạn tính.', 'Bệnh nhân được bác sĩ khám tổng quát và khai thác thói quen ăn uống, sử dụng thuốc, rượu bia.\nTiến hành xét nghiệm men gan (ALT, AST, GGT), Bilirubin, Albumin, thời gian prothrombin.\nCó thể được chỉ định thêm siêu âm gan để đánh giá gan nhiễm mỡ, gan to, gan xơ hóa.\nSau khi có kết quả, bác sĩ sẽ tư vấn hướng điều trị, chế độ ăn kiêng, lối sống lành mạnh và theo dõi định kỳ.', '', '2025-06-22 16:23:54', '2025-06-22 16:23:54', '[]', 'kiem-tra-chuc-nang-gan', 500000),
	(29, 'Tầm soát bệnh mạch vành', 'Gói tầm soát nhằm phát hiện sớm nguy cơ thiếu máu cơ tim, nhồi máu cơ tim hoặc hẹp động mạch vành – nguyên nhân gây tử vong hàng đầu do bệnh tim mạch.', 'Bác sĩ tim mạch khai thác tiền sử cá nhân và gia đình, thăm khám triệu chứng như đau ngực, khó thở, hồi hộp…\nThực hiện điện tâm đồ lúc nghỉ và điện tâm đồ gắng sức nếu cần (ECG Stress Test).\nSiêu âm tim để đánh giá chức năng co bóp và lưu lượng máu nuôi tim.\nXét nghiệm máu bao gồm đường huyết, mỡ máu, men tim và chỉ số viêm CRP.\nTrong trường hợp nghi ngờ cao, bệnh nhân có thể được chỉ định chụp CT mạch vành.\nSau khi tổng hợp kết quả, bác sĩ đưa ra kết luận nguy cơ và tư vấn theo dõi, điều trị hoặc can thiệp nếu cần.', '', '2025-06-22 16:27:46', '2025-06-22 16:27:46', '[]', 'tam-soat-benh-mach-vanh', 500000),
	(30, 'Theo dõi và quản lý suy tim', 'Dịch vụ hỗ trợ người bệnh suy tim ổn định tình trạng, cải thiện triệu chứng khó thở, mệt mỏi, giảm tỷ lệ nhập viện tái phát và kéo dài tuổi thọ với chất lượng sống tốt hơn.', 'Bệnh nhân được bác sĩ chuyên khoa đánh giá mức độ suy tim theo phân độ NYHA, đo huyết áp, nhịp tim và triệu chứng lâm sàng.\nSiêu âm tim để kiểm tra phân suất tống máu (EF) và mức độ giãn buồng tim, hở van tim.\nXét nghiệm BNP hoặc NT-proBNP để đánh giá gánh nặng thất trái.\nKê toa điều trị suy tim theo phác đồ cá nhân hóa (ACEi, Beta-blocker, lợi tiểu, ARNI…).\nBệnh nhân sẽ được lập lịch tái khám định kỳ, hướng dẫn tự theo dõi cân nặng, tiểu tiện, triệu chứng tại nhà để phát hiện dấu hiệu suy tim mất bù sớm.', '', '2025-06-22 16:28:06', '2025-06-22 16:28:06', '[]', 'theo-doi-va-quan-ly-suy-tim', 500000),
	(31, 'Tư vấn và điều trị viêm đường hô hấp trên', 'Điều trị hiệu quả các bệnh lý viêm mũi, viêm họng, viêm amidan ở trẻ em – những bệnh phổ biến khi thay đổi thời tiết hoặc đi học trở lại, giúp bé nhanh khỏi bệnh và hạn chế tái phát.', 'Khám lâm sàng vùng tai – mũi – họng bởi bác sĩ Nhi, kiểm tra nhiệt độ, hạch cổ, nghe phổi.\nChỉ định xét nghiệm CRP, công thức máu hoặc test nhanh cúm nếu nghi nhiễm siêu vi.\nKê đơn thuốc phù hợp độ tuổi (kháng sinh, hạ sốt, xịt mũi...) và hướng dẫn chăm sóc tại nhà.\nBác sĩ tư vấn dấu hiệu cần tái khám và dự phòng tái nhiễm cho trẻ.', '', '2025-06-22 16:30:01', '2025-06-22 16:30:01', '[]', 'tu-van-va-ieu-tri-viem-uong-ho-hap-tren', 500000),
	(32, 'Khám và theo dõi hen suyễn ở trẻ em', 'Dịch vụ theo dõi dài hạn tình trạng hen suyễn ở trẻ, giúp kiểm soát cơn hen, hạn chế nhập viện và nâng cao chất lượng cuộc sống cho trẻ.', 'Bác sĩ đánh giá tiền sử dị ứng, hen gia đình, tần suất khò khè, ho đêm của trẻ.\nThực hiện đo chức năng hô hấp (nếu trẻ đủ tuổi hợp tác) hoặc test giãn phế quản.\nKê toa điều trị duy trì (ICS, LABA) và hướng dẫn kỹ năng sử dụng dụng cụ hít đúng cách.\nTheo dõi định kỳ, điều chỉnh phác đồ theo triệu chứng và mức độ kiểm soát cơn hen.', '', '2025-06-22 16:30:33', '2025-06-22 16:30:33', '[]', 'kham-va-theo-doi-hen-suyen-o-tre-em', 500000),
	(33, 'Tư vấn dinh dưỡng cho trẻ', 'Dịch vụ giúp đánh giá tình trạng dinh dưỡng của trẻ, phát hiện sớm tình trạng suy dinh dưỡng, thiếu vi chất hoặc béo phì; đồng thời xây dựng thực đơn khoa học, phù hợp từng độ tuổi và thể trạng.', 'Bác sĩ Nhi sẽ kiểm tra chiều cao, cân nặng, vòng đầu và vòng cánh tay của trẻ, tính toán chỉ số BMI và tra biểu đồ tăng trưởng WHO.\nKhai thác chế độ ăn hiện tại, thói quen ăn uống và các dấu hiệu bất thường như biếng ăn, tiêu hóa kém, táo bón...\nThực hiện xét nghiệm vi chất nếu nghi ngờ thiếu hụt (Vitamin D, sắt, kẽm, canxi...).\nXây dựng thực đơn mẫu, hướng dẫn cách chế biến phù hợp độ tuổi và lên lịch theo dõi dinh dưỡng định kỳ.', '', '2025-06-22 16:31:22', '2025-06-22 16:31:22', '[]', 'tu-van-dinh-duong-cho-tre', 500000),
	(34, 'Khám tiêu hóa nhi', 'Dịch vụ hỗ trợ chẩn đoán và điều trị các rối loạn tiêu hóa thường gặp ở trẻ em như nôn trớ, đầy bụng, tiêu chảy, táo bón, đau bụng kéo dài, dị ứng đạm sữa bò...', 'Bác sĩ Nhi khai thác chi tiết tiền sử bệnh lý tiêu hóa, các triệu chứng hiện tại và chế độ ăn uống của trẻ.\nThăm khám lâm sàng bụng, đo vòng bụng, đánh giá mất nước hoặc dấu hiệu nhiễm trùng.\nThực hiện xét nghiệm phân, men tiêu hóa (amylase, lipase), CRP, siêu âm bụng nếu cần.\nBác sĩ tư vấn chế độ ăn phù hợp và kê toa điều trị theo nguyên nhân (rối loạn tiêu hóa, nhiễm khuẩn, dị ứng...).', '', '2025-06-22 16:31:43', '2025-06-22 16:31:43', '[]', 'kham-tieu-hoa-nhi', 500000),
	(35, 'Tầm soát chậm phát triển ở trẻ em', 'Tầm soát sớm các rối loạn phát triển về vận động, ngôn ngữ, hành vi – cảm xúc giúp can thiệp kịp thời, cải thiện khả năng học tập và hòa nhập xã hội cho trẻ.', 'Bác sĩ Nhi sử dụng bộ câu hỏi sàng lọc theo độ tuổi (Denver II, M-CHAT, ASQ) để đánh giá vận động thô, tinh, giao tiếp, ngôn ngữ và hành vi xã hội.\nQuan sát trẻ chơi, phản xạ khi giao tiếp và tương tác với cha mẹ.\nNếu cần, chỉ định đo thính lực, khám mắt, xét nghiệm di truyền hoặc chuyển chuyên khoa Tâm lý – Can thiệp.\nBác sĩ hướng dẫn phụ huynh chương trình can thiệp tại nhà, theo dõi định kỳ từng giai đoạn phát triển.', '', '2025-06-22 16:32:04', '2025-06-22 16:32:04', '[]', 'tam-soat-cham-phat-trien-o-tre-em', 500000),
	(36, 'Khám và điều trị viêm tai giữa', 'Dịch vụ giúp chẩn đoán và điều trị viêm tai giữa cấp hoặc mạn tính – bệnh lý thường gặp ở trẻ em và người lớn khi thay đổi thời tiết, nhiễm siêu vi hoặc sau cảm cúm.', 'Bác sĩ khai thác triệu chứng như đau tai, sốt, chảy dịch tai, ù tai hoặc nghe kém.\nThăm khám bằng đèn soi tai và nội soi tai nếu cần để đánh giá tình trạng màng nhĩ, dịch trong tai giữa.\nChỉ định xét nghiệm CRP, công thức máu nếu nghi nhiễm trùng nặng.\nĐiều trị bằng kháng sinh, giảm viêm, nhỏ tai theo phác đồ. Trường hợp mạn tính có thể cần chích rạch màng nhĩ dẫn lưu hoặc đặt ống thông khí.', '', '2025-06-22 16:33:08', '2025-06-22 16:33:08', '[]', 'kham-va-ieu-tri-viem-tai-giua', 500000),
	(37, 'Rửa xoang – hút mũi chuyên sâu', 'Dịch vụ điều trị hỗ trợ viêm xoang, viêm mũi cấp và mạn tính bằng cách làm sạch dịch nhầy, mủ trong hốc mũi và các xoang, giảm nhanh triệu chứng nghẹt mũi, đau đầu, giảm khứu giác.', 'Bệnh nhân được bác sĩ khám mũi và đánh giá mức độ sung huyết, dịch nhầy.\nSử dụng thiết bị hút rửa áp lực thấp hoặc máy Proetz (nếu có) để hút sạch dịch từ các xoang mũi.\nDung dịch rửa chứa muối sinh lý hoặc kháng sinh – kháng viêm nhẹ tùy trường hợp.\nSau khi rửa, bác sĩ hướng dẫn vệ sinh mũi tại nhà và kê toa thuốc duy trì.', '', '2025-06-22 16:34:01', '2025-06-22 16:34:01', '[]', 'rua-xoang-hut-mui-chuyen-sau', 500000),
	(38, 'Soi da kỹ thuật số – Phát hiện sớm ung thư da', 'Sử dụng thiết bị soi da kỹ thuật số hiện đại giúp phát hiện sớm các tổn thương da nghi ngờ ác tính như nốt ruồi bất thường, dày sừng, ung thư biểu mô tế bào đáy…', 'Bác sĩ da liễu khám lâm sàng tổng quát toàn bộ vùng da, đặc biệt các vị trí có tiếp xúc ánh nắng.\nSử dụng máy soi da kỹ thuật số độ phân giải cao để phóng đại cấu trúc da (dermoscopy), lưu trữ hình ảnh so sánh theo thời gian.\nĐánh giá nguy cơ tổn thương ác tính và chỉ định sinh thiết nếu nghi ngờ.\nHướng dẫn theo dõi định kỳ hoặc tư vấn phẫu thuật – điều trị laser nếu cần.', '', '2025-06-22 16:35:37', '2025-06-22 16:35:37', '[]', 'soi-da-ky-thuat-so-phat-hien-som-ung-thu-da', 500000),
	(39, 'Điều trị viêm da cơ địa – viêm da dị ứng', 'Chẩn đoán và điều trị các thể viêm da dị ứng, đặc biệt ở trẻ nhỏ và người có cơ địa dị ứng, giúp giảm ngứa, khô da, ngăn ngừa bội nhiễm và cải thiện chất lượng sống.', 'Bác sĩ kiểm tra vùng tổn thương, khai thác tiền sử dị ứng (hen, viêm mũi dị ứng, tiền sử gia đình…).\nChỉ định các xét nghiệm dị ứng (IgE, test da nếu có), xét nghiệm loại trừ nhiễm trùng.\nKê toa thuốc chống viêm tại chỗ (corticoid, tacrolimus), dưỡng ẩm y khoa, thuốc kháng histamin.\nTư vấn chăm sóc da hàng ngày, chọn sữa tắm – kem dưỡng phù hợp và lịch tái khám định kỳ.', '', '2025-06-22 16:35:59', '2025-06-23 14:29:50', '[]', 'ieu-tri-viem-da-co-ia-viem-da-di-ung', 500000),
	(40, 'Tầm soát đái tháo đường', 'Dịch vụ giúp phát hiện sớm tình trạng tiền đái tháo đường hoặc đái tháo đường týp 2 ở người có yếu tố nguy cơ, nhằm điều chỉnh lối sống và điều trị kịp thời để phòng biến chứng.', 'Bác sĩ khai thác tiền sử gia đình, chỉ số BMI, vòng bụng, chế độ ăn uống và vận động.\nBệnh nhân được chỉ định xét nghiệm: đường huyết lúc đói, HbA1c, đường huyết sau ăn 2 giờ, insulin máu nếu cần.\nDựa vào kết quả, bác sĩ đánh giá nguy cơ, tư vấn chế độ dinh dưỡng, tập luyện, theo dõi định kỳ và kê đơn điều trị nếu chẩn đoán mắc đái tháo đường.\nMột số trường hợp được chuyển khám chuyên sâu hoặc hội chẩn đa chuyên khoa (tim mạch, mắt...).', '', '2025-06-22 16:37:07', '2025-06-22 16:37:07', '[]', 'tam-soat-ai-thao-uong', 500000),
	(41, 'Quản lý đái tháo đường týp 2', 'Dịch vụ theo dõi lâu dài cho bệnh nhân đã chẩn đoán đái tháo đường týp 2, giúp kiểm soát đường huyết ổn định, hạn chế biến chứng trên tim, thận, thần kinh, mắt và mạch máu.', 'Bác sĩ kiểm tra chỉ số đường huyết, cân nặng, huyết áp và các biến chứng đi kèm.\nXét nghiệm HbA1c định kỳ, chức năng thận (ure, creatinine), vi đạm niệu, mỡ máu và men gan.\nTư vấn điều chỉnh thuốc nếu cần: thuốc uống hoặc insulin, hướng dẫn tự theo dõi đường huyết tại nhà.\nHướng dẫn dinh dưỡng, tập luyện phù hợp, và thiết lập lịch tái khám định kỳ theo phác đồ cá nhân hóa.', '', '2025-06-22 16:37:25', '2025-06-22 16:37:25', '[]', 'quan-ly-ai-thao-uong-typ-2', 500000),
	(42, 'Tầm soát biến chứng đái tháo đường', 'Dịch vụ kiểm tra định kỳ nhằm phát hiện sớm các biến chứng nguy hiểm do đái tháo đường như tổn thương võng mạc, thận, thần kinh ngoại biên, tim mạch và bàn chân.', 'Bệnh nhân được khám chuyên khoa Nội tiết, đo huyết áp, BMI và đánh giá chỉ số mắt – chi dưới.\nXét nghiệm HbA1c, creatinine, vi đạm niệu, mỡ máu, men gan.\nThực hiện các chỉ định:\n\nSoi đáy mắt (võng mạc tiểu đường)\n\nĐiện tim (biến chứng tim mạch)\n\nKiểm tra cảm giác rung, nhiệt (tổn thương thần kinh ngoại biên)\n\nKhám bàn chân đái tháo đường (vết loét, giảm cảm giác...)\nBác sĩ đánh giá mức độ biến chứng và đưa ra hướng điều trị – dự phòng thích hợp.', '', '2025-06-22 16:37:52', '2025-06-22 16:37:52', '[]', 'tam-soat-bien-chung-ai-thao-uong', 500000),
	(43, 'Khám và tư vấn chăm sóc răng miệng', 'Dịch vụ giúp kiểm tra tổng quát tình trạng răng – lợi – miệng, phát hiện sớm các vấn đề như sâu răng, viêm nha chu, mảng bám, hôi miệng... và hướng dẫn chăm sóc răng miệng đúng cách.', 'Bác sĩ khám trực tiếp khoang miệng, sử dụng đèn chuyên dụng để kiểm tra các răng, lợi, mô mềm.\nGhi nhận vị trí sâu răng, viêm lợi, cao răng, tình trạng khớp cắn.\nNếu cần, chỉ định chụp phim X-quang răng kỹ thuật số (panorama hoặc từng răng).\nSau khi đánh giá, bác sĩ tư vấn cách vệ sinh răng đúng kỹ thuật, chế độ ăn phù hợp và lên kế hoạch điều trị các vấn đề phát hiện được.', '', '2025-06-22 16:38:49', '2025-06-22 16:38:49', '[]', 'kham-va-tu-van-cham-soc-rang-mieng', 500000),
	(44, ' Cạo vôi răng – đánh bóng răng', 'Dịch vụ loại bỏ mảng bám, vôi răng cứng tích tụ lâu ngày trên răng và dưới nướu giúp giảm viêm lợi, ngăn ngừa hôi miệng và duy trì nụ cười sáng khỏe.', 'Bệnh nhân được khám kiểm tra tình trạng viêm lợi và vôi răng.\nBác sĩ sử dụng máy siêu âm để cạo sạch vôi răng ở chân răng, kẽ răng và dưới nướu.\nTiếp theo là bước đánh bóng răng bằng đầu chổi mềm và dung dịch làm sạch bề mặt men răng.\nSau khi hoàn tất, bác sĩ hướng dẫn vệ sinh răng miệng và lịch cạo vôi định kỳ (mỗi 6 tháng/lần).', '', '2025-06-22 16:39:09', '2025-06-22 16:39:09', '[]', 'cao-voi-rang-anh-bong-rang', 500000),
	(45, 'Trám răng thẩm mỹ', 'Phục hồi các răng bị sâu hoặc vỡ nhỏ bằng vật liệu composite cao cấp cùng màu răng thật, giúp bảo tồn cấu trúc răng và cải thiện thẩm mỹ, chức năng ăn nhai.', 'Bác sĩ thăm khám xác định vị trí và mức độ sâu răng, vết vỡ răng.\nVệ sinh sạch lỗ sâu, tạo hình khoang trám, sau đó dùng vật liệu trám composite chuyên dụng tạo hình khít sát.\nChiếu đèn quang trùng hợp để đông cứng vật liệu, sau đó điều chỉnh khớp cắn và đánh bóng bề mặt.\nHướng dẫn chăm sóc và theo dõi độ bền của miếng trám.', '', '2025-06-22 16:39:28', '2025-06-22 16:39:28', '[]', 'tram-rang-tham-my', 500000),
	(46, 'Nhổ răng khôn không sang chấn', 'Dịch vụ giúp loại bỏ răng khôn mọc lệch, ngầm, gây viêm nhiễm hoặc đau nhức kéo dài mà không làm tổn thương các mô xung quanh, đảm bảo an toàn và hồi phục nhanh.', 'Bác sĩ thăm khám và chỉ định chụp X-quang răng khôn (Panorama, CT Cone Beam nếu cần) để xác định vị trí, hướng mọc và mức độ khó.\nGây tê tại chỗ bằng thuốc gây tê cục bộ, đảm bảo không đau.\nTiến hành nhổ răng bằng kỹ thuật tách mô nướu – bộc lộ thân răng – chia chân răng nếu cần, thao tác nhẹ nhàng hạn chế sang chấn.\nSau nhổ răng, bác sĩ khâu vết thương, kê toa giảm đau – kháng viêm – kháng sinh, dặn dò chăm sóc sau nhổ và lịch tái khám cắt chỉ.', '', '2025-06-22 16:40:10', '2025-06-22 16:40:10', '[]', 'nho-rang-khon-khong-sang-chan', 500000),
	(47, 'Tẩy trắng răng công nghệ LED', 'Dịch vụ làm trắng răng an toàn, hiệu quả cao bằng kỹ thuật chiếu đèn LED kết hợp gel tẩy trắng – giúp răng sáng bật tone ngay sau 1 liệu trình, không gây ê buốt kéo dài.', 'Bác sĩ kiểm tra tình trạng răng, loại trừ viêm lợi, sâu răng trước khi thực hiện.\nVệ sinh răng miệng sạch sẽ, cách ly môi – nướu bằng dụng cụ chuyên dụng.\nBôi gel tẩy trắng lên bề mặt răng, chiếu đèn LED lạnh trong 15–20 phút/lần (2–3 lần tùy tình trạng).\nSau liệu trình, bác sĩ tư vấn chế độ ăn uống và giữ màu răng trắng lâu dài.', '', '2025-06-22 16:40:33', '2025-06-22 16:40:33', '[]', 'tay-trang-rang-cong-nghe-led', 500000),
	(48, 'Tư vấn và niềng răng – chỉnh nha', 'Dịch vụ chỉnh nha giúp sắp xếp lại răng mọc lệch, hô, móm, chen chúc… để cải thiện thẩm mỹ và chức năng nhai – phát âm, áp dụng các kỹ thuật từ mắc cài kim loại đến Invisalign không mắc cài.', 'Bác sĩ khám tổng quát khớp cắn, hướng mọc răng và cung hàm.\nChụp X-quang răng – sọ nghiêng và lấy mẫu dấu răng.\nPhân tích phần mềm – xương hàm bằng phần mềm chỉnh nha chuyên dụng.\nĐưa ra phác đồ điều trị cá nhân hoá: thời gian, loại mắc cài, chi phí và lịch hẹn.\nSau khi bệnh nhân đồng ý, tiến hành gắn mắc cài và theo dõi định kỳ hàng tháng.', '', '2025-06-22 16:40:53', '2025-06-22 16:40:53', '[]', 'tu-van-va-nieng-rang-chinh-nha', 500000),
	(49, 'khám chân ', 'đá', 'đâsdsada', '/uploads/1750925529785-945142018.jpg', '2025-06-26 08:11:55', '2025-06-26 08:13:08', '[]', 'kham-chan', 500000),
	(50, 'Khám phụ khoa', '', '', '/uploads/1750927870919-166027844.svg', '2025-06-26 08:51:10', '2025-06-26 08:51:10', '[]', 'kham-phu-khoa', 200000),
	(51, 'Xét nghiệm tế bào cổ tử cung', '', '', '/uploads/1750927911522-119288251.svg', '2025-06-26 08:51:51', '2025-06-26 08:51:51', '[]', 'xet-nghiem-te-bao-co-tu-cung', 300000),
	(52, 'Soi cổ tử cung', '', '', '', '2025-06-26 08:52:10', '2025-06-26 08:52:10', '[]', 'soi-co-tu-cung', 700000),
	(53, 'Khám tiết niệu nam', '', '', '', '2025-06-26 08:52:25', '2025-06-26 08:52:25', '[]', 'kham-tiet-nieu-nam', 600000),
	(54, 'Xét nghiệm máu ', '', '', '', '2025-06-26 08:52:59', '2025-06-26 08:52:59', '[]', 'xet-nghiem-mau', 400000),
	(55, 'Siêu âm ổ bụng tổng quát', '', '', '', '2025-06-26 08:53:19', '2025-06-26 08:53:19', '[]', 'sieu-am-o-bung-tong-quat', 300000),
	(56, 'Đốt lộ tuyến cổ tử cung', '', '', '', '2025-06-26 08:55:29', '2025-06-26 08:55:29', '[]', 'ot-lo-tuyen-co-tu-cung', 350000),
	(57, 'Khám tiết niệu nam', '', '', '', '2025-06-26 09:01:00', '2025-06-26 09:01:00', '[]', 'kham-tiet-nieu-nam-1', 300000);

-- Dumping structure for table medcare_db.service_departments
CREATE TABLE IF NOT EXISTS `service_departments` (
  `serviceId` int NOT NULL,
  `departmentId` int NOT NULL,
  PRIMARY KEY (`serviceId`,`departmentId`),
  KEY `departmentId` (`departmentId`),
  CONSTRAINT `service_departments_ibfk_1` FOREIGN KEY (`serviceId`) REFERENCES `services` (`id`) ON DELETE CASCADE ON UPDATE CASCADE,
  CONSTRAINT `service_departments_ibfk_2` FOREIGN KEY (`departmentId`) REFERENCES `departments` (`id`) ON DELETE CASCADE ON UPDATE CASCADE
) ENGINE=InnoDB DEFAULT CHARSET=utf8mb4 COLLATE=utf8mb4_0900_ai_ci;

-- Dumping data for table medcare_db.service_departments: ~0 rows (approximately)
DELETE FROM `service_departments`;

-- Dumping structure for table medcare_db.service_packages
CREATE TABLE IF NOT EXISTS `service_packages` (
  `id` int NOT NULL AUTO_INCREMENT,
  `name` varchar(255) NOT NULL,
  `slug` varchar(255) NOT NULL,
  `description` text,
  `detail` text,
  `benefits` text,
  `precautions` text,
  `image_url` varchar(255) DEFAULT NULL,
  `price_json` json DEFAULT NULL,
  `createdAt` datetime NOT NULL,
  `updatedAt` datetime NOT NULL,
  PRIMARY KEY (`id`),
  UNIQUE KEY `slug_2` (`slug`),
  UNIQUE KEY `slug_3` (`slug`),
  UNIQUE KEY `slug_4` (`slug`),
  UNIQUE KEY `slug_5` (`slug`),
  UNIQUE KEY `slug_6` (`slug`),
  UNIQUE KEY `slug_7` (`slug`),
  UNIQUE KEY `slug_8` (`slug`),
  UNIQUE KEY `slug_9` (`slug`),
  UNIQUE KEY `slug_10` (`slug`),
  UNIQUE KEY `slug_11` (`slug`),
  UNIQUE KEY `slug_12` (`slug`),
  UNIQUE KEY `slug_13` (`slug`),
  UNIQUE KEY `slug_14` (`slug`),
  UNIQUE KEY `slug_15` (`slug`),
  UNIQUE KEY `slug_16` (`slug`),
  UNIQUE KEY `slug_17` (`slug`),
  UNIQUE KEY `slug_18` (`slug`),
  UNIQUE KEY `slug_19` (`slug`),
  UNIQUE KEY `slug_20` (`slug`),
  UNIQUE KEY `slug_21` (`slug`),
  UNIQUE KEY `slug_22` (`slug`),
  UNIQUE KEY `slug_23` (`slug`),
  UNIQUE KEY `slug_24` (`slug`),
  UNIQUE KEY `slug_25` (`slug`),
  UNIQUE KEY `slug_26` (`slug`),
  UNIQUE KEY `slug_27` (`slug`),
  UNIQUE KEY `slug_28` (`slug`),
  UNIQUE KEY `slug_29` (`slug`),
  UNIQUE KEY `slug_30` (`slug`),
  UNIQUE KEY `slug_31` (`slug`),
  UNIQUE KEY `slug_32` (`slug`),
  UNIQUE KEY `slug_33` (`slug`),
  UNIQUE KEY `slug_34` (`slug`),
  UNIQUE KEY `slug_35` (`slug`),
  UNIQUE KEY `slug_36` (`slug`),
  UNIQUE KEY `slug_37` (`slug`),
  UNIQUE KEY `slug_38` (`slug`),
  UNIQUE KEY `slug_39` (`slug`),
  UNIQUE KEY `slug_40` (`slug`),
  UNIQUE KEY `slug_41` (`slug`),
  UNIQUE KEY `slug_42` (`slug`),
  UNIQUE KEY `slug_43` (`slug`),
  UNIQUE KEY `slug_44` (`slug`),
  UNIQUE KEY `slug_45` (`slug`),
  UNIQUE KEY `slug_46` (`slug`),
  UNIQUE KEY `slug_47` (`slug`),
  UNIQUE KEY `slug_48` (`slug`),
  UNIQUE KEY `slug_49` (`slug`),
  UNIQUE KEY `slug_50` (`slug`),
  UNIQUE KEY `slug_51` (`slug`),
  UNIQUE KEY `slug_52` (`slug`),
  UNIQUE KEY `slug_53` (`slug`),
  UNIQUE KEY `slug_54` (`slug`),
  UNIQUE KEY `slug_55` (`slug`),
  UNIQUE KEY `slug_56` (`slug`),
  UNIQUE KEY `slug_57` (`slug`),
  UNIQUE KEY `slug_58` (`slug`),
  UNIQUE KEY `slug_59` (`slug`),
  UNIQUE KEY `slug_60` (`slug`),
  UNIQUE KEY `slug_61` (`slug`),
  UNIQUE KEY `slug_62` (`slug`),
  UNIQUE KEY `slug_63` (`slug`),
  UNIQUE KEY `slug` (`slug`)
) ENGINE=InnoDB AUTO_INCREMENT=12 DEFAULT CHARSET=utf8mb4 COLLATE=utf8mb4_0900_ai_ci;

-- Dumping data for table medcare_db.service_packages: ~8 rows (approximately)
DELETE FROM `service_packages`;
INSERT INTO `service_packages` (`id`, `name`, `slug`, `description`, `detail`, `benefits`, `precautions`, `image_url`, `price_json`, `createdAt`, `updatedAt`) VALUES
	(1, 'Gói Tầm Soát Ung Thư Tổng Quát', 'tam-soat-ung-thu', 'Gói khám toàn diện giúp phát hiện sớm các loại ung thư phổ biến, bảo vệ sức khỏe chủ động.', 'Bao gồm các xét nghiệm, chẩn đoán hình ảnh và nội soi nhằm phát hiện các dấu hiệu sớm của ung thư ở nhiều cơ quan khác nhau. Được thực hiện bởi đội ngũ bác sĩ chuyên môn cao với trang thiết bị hiện đại.', '✔️ Phát hiện sớm các loại ung thư phổ biến\n✔️ Tư vấn chuyên sâu với bác sĩ đầu ngành\n✔️ Rút ngắn thời gian chẩn đoán và điều trị', '✔️ Phát hiện sớm các loại ung thư phổ biến\r\n✔️ Tư vấn chuyên sâu với bác sĩ đầu ngành\r\n✔️ Rút ngắn thời gian chẩn đoán và điều trị', '/uploads/1749922759854-219957559.jpg', '{"f_60": 3500000, "m_60": 3300000, "f_u60": 3200000, "fm_60": 4200000, "m_u60": 3100000, "fm_u60": 3900000}', '2025-06-07 17:16:46', '2025-06-16 09:40:19'),
	(2, 'Gói Tầm Soát Tim Mạch', 'tam-soat-tim-mach', 'Đánh giá toàn diện chức năng tim và phát hiện sớm các bệnh lý tim mạch tiềm ẩn.', 'Bao gồm khám lâm sàng, đo điện tâm đồ, siêu âm tim, xét nghiệm mỡ máu, chức năng gan thận và chỉ số đường huyết.', 'Phát hiện sớm các bất thường tim mạch như tăng huyết áp, rối loạn nhịp, hẹp mạch vành, nhồi máu cơ tim.', 'Nhịn ăn ít nhất 8 giờ trước khi làm xét nghiệm máu. Không uống cà phê, bia rượu hoặc dùng thuốc tim trước ngày khám.', '/uploads/1749924707949-405502425.jpg', '{"f_60": 1300000, "m_60": 1280000, "f_u60": 1200000, "fm_60": 1350000, "m_u60": 1100000, "fm_u60": 1250000}', '2025-06-15 01:05:12', '2025-06-14 19:41:07'),
	(3, 'Gói Tầm Soát Ung Thư Nữ Giới', 'tam-soat-ung-thu-nu', 'Tầm soát sớm ung thư vú, cổ tử cung và buồng trứng bằng các phương pháp tiên tiến.', 'Khám phụ khoa, siêu âm đầu dò, xét nghiệm HPV DNA, Pap smear và chụp nhũ ảnh nếu cần.', 'Phát hiện sớm tế bào bất thường và ung thư ở giai đoạn đầu, nâng cao khả năng điều trị.', 'Khám vào ngày sạch kinh. Tránh quan hệ, đặt thuốc âm đạo trong vòng 48 giờ trước khám.', '/uploads/1749924696699-156889078.jpg', '{"f_60": 2400000, "f_u60": 2200000, "fm_60": 2500000, "fm_u60": 2300000}', '2025-06-15 01:05:36', '2025-06-14 18:11:36'),
	(4, 'Gói Khám & Điều Trị Da Liễu', 'goi-kham-da-lieu', 'Chăm sóc chuyên sâu cho làn da bị mụn, thâm, nám hoặc lỗ chân lông to.', 'Khám da chuyên khoa, soi da, điều trị bằng laser, lột da nhẹ và tư vấn dùng sản phẩm phù hợp.', 'Giúp làm sạch sâu, giảm mụn, đều màu da và cải thiện độ sáng tự nhiên.', 'Không trang điểm trước khi khám. Ngừng retinol, AHA, BHA 3 ngày trước liệu trình.', '/uploads/1749924677133-675606919.jpg', '{"f_60": "", "m_60": "", "f_u60": 900000, "fm_60": "", "m_u60": 850000, "fm_u60": 950000}', '2025-06-15 01:06:08', '2025-06-26 07:51:53'),
	(5, 'Gói Sức Khỏe Tổng Quát', 'suc-khoe-tong-quat', 'Gói khám định kỳ giúp đánh giá tổng thể sức khỏe của bạn.', 'Bao gồm khám nội tổng quát, công thức máu, nước tiểu, chức năng gan thận, đường huyết, mỡ máu.', 'Phát hiện sớm các bệnh mãn tính như tiểu đường, gan nhiễm mỡ, tăng huyết áp.', 'Nhịn ăn sáng, ngủ đủ giấc và không vận động mạnh trước khi khám.', '/uploads/1749924662301-490481389.jpg', '{"f_60": 1150000, "m_60": 1100000, "f_u60": 1050000, "m_u60": 1000000}', '2025-06-15 01:06:16', '2025-06-14 19:12:28'),
	(6, 'Gói Theo Dõi Tiểu Đường & Nội Tiết', 'goi-noi-tiet-tieu-duong', 'Gói dành riêng cho bệnh nhân đang hoặc có nguy cơ mắc tiểu đường.', 'Đo đường huyết lúc đói, HbA1c, insulin, xét nghiệm nước tiểu, khám nội và tư vấn dinh dưỡng.', 'Giúp chẩn đoán sớm tiền đái tháo đường, kiểm soát đường huyết hiệu quả, giảm biến chứng.', 'Nhịn ăn ít nhất 8 tiếng trước khi khám. Không uống trà, sữa, cà phê có đường.', '/uploads/1749924646114-291766634.jpg', '{"f_60": 1000000, "m_60": 500000, "f_u60": 1000000, "fm_60": 500000, "m_u60": 1000000, "fm_u60": 1500000}', '2025-06-15 01:06:21', '2025-06-26 08:17:42'),
	(10, 'Gói Tầm Soát Sức Khỏe Nữ Dưới 60 Tuổi', 'tam-soat-nu-duoi-60', ' Gói khám định kỳ toàn diện giúp phát hiện sớm các vấn đề tim mạch, tiểu đường, nội tiết và ung thư phụ khoa cho phụ nữ dưới 60.', 'Gồm khám tổng quát, siêu âm tim, đo điện tâm đồ, xét nghiệm máu, kiểm tra chức năng gan thận, khám phụ khoa và tầm soát ung thư cổ tử cung.', 'Phát hiện sớm bệnh lý, tăng hiệu quả điều trị, hỗ trợ tư vấn chuyên sâu theo độ tuổi.', 'Nhịn ăn 6-8 tiếng trước khi khám, tránh làm xét nghiệm phụ khoa khi đang trong kỳ kinh.', '/uploads/1750926944433-330778037.jpg', '{"f_60": 0, "m_60": 0, "f_u60": 4000000, "fm_60": 0, "m_u60": 0, "fm_u60": 4000000}', '2025-06-26 08:33:41', '2025-06-26 08:35:44'),
	(11, 'GÓI TẦM SOÁT UNG THƯ TỔNG QUÁT NAM & NỮ', 'tam-soat-ung-thu-tong-quat', 'Gói tầm soát chuyên sâu giúp phát hiện sớm nguy cơ các loại ung thư phổ biến ở cả nam và nữ, từ độ tuổi 40 trở lên.', 'Gói bao gồm nội soi tiêu hoá, khám phụ khoa hoặc tiết niệu theo giới tính, xét nghiệm máu tầm soát ung thư, siêu âm ổ bụng và tư vấn chuyên sâu. Các dịch vụ được cá nhân hóa theo giới và độ tuổi.', 'Phát hiện sớm các tổn thương tiền ung thư, tiết kiệm thời gian và chi phí điều trị về sau, thiết kế chuyên biệt theo giới.', 'Nhịn ăn 6–8 tiếng trước khi làm nội soi và xét nghiệm, không dùng thuốc nhuận tràng hoặc kháng sinh trước 3 ngày nếu không được chỉ định.', '/uploads/1750928804728-946267944.jpg', '{"f_60": 2200000, "m_60": 2000000, "f_u60": 2900000, "fm_60": 1800000, "m_u60": 2000000, "fm_u60": 2500000}', '2025-06-26 09:03:44', '2025-06-26 09:06:44');

-- Dumping structure for table medcare_db.users
CREATE TABLE IF NOT EXISTS `users` (
  `id` int NOT NULL AUTO_INCREMENT,
  `name` varchar(255) NOT NULL,
  `email` varchar(255) NOT NULL,
  `phone` varchar(255) DEFAULT NULL,
  `password` varchar(255) NOT NULL,
  `date_of_birth` date DEFAULT NULL,
  `gender` enum('Nam','Nữ','Khác') DEFAULT NULL,
  `address` varchar(255) DEFAULT NULL,
  `role` enum('user','admin','doctor') DEFAULT 'user',
  `status_old` enum('active','inactive') DEFAULT NULL,
  `createdAt` datetime NOT NULL,
  `updatedAt` datetime NOT NULL,
  `avatar` varchar(255) DEFAULT '/uploads/default.png',
  `status` enum('pending','approved','rejected') DEFAULT 'pending',
  PRIMARY KEY (`id`),
  UNIQUE KEY `email` (`email`),
  UNIQUE KEY `email_2` (`email`),
  UNIQUE KEY `email_3` (`email`),
  UNIQUE KEY `email_4` (`email`),
  UNIQUE KEY `email_5` (`email`),
  UNIQUE KEY `email_6` (`email`),
  UNIQUE KEY `email_7` (`email`),
  UNIQUE KEY `email_8` (`email`),
  UNIQUE KEY `email_9` (`email`),
  UNIQUE KEY `email_10` (`email`),
  UNIQUE KEY `email_11` (`email`),
  UNIQUE KEY `email_12` (`email`),
  UNIQUE KEY `email_13` (`email`),
  UNIQUE KEY `email_14` (`email`),
  UNIQUE KEY `email_15` (`email`),
  UNIQUE KEY `email_16` (`email`),
  UNIQUE KEY `email_17` (`email`),
  UNIQUE KEY `email_18` (`email`),
  UNIQUE KEY `email_19` (`email`),
  UNIQUE KEY `email_20` (`email`),
  UNIQUE KEY `email_21` (`email`),
  UNIQUE KEY `email_22` (`email`),
  UNIQUE KEY `email_23` (`email`),
  UNIQUE KEY `email_24` (`email`),
  UNIQUE KEY `email_25` (`email`),
  UNIQUE KEY `email_26` (`email`),
  UNIQUE KEY `email_27` (`email`),
  UNIQUE KEY `email_28` (`email`),
  UNIQUE KEY `email_29` (`email`),
  UNIQUE KEY `email_30` (`email`),
  UNIQUE KEY `email_31` (`email`),
  UNIQUE KEY `email_32` (`email`),
  UNIQUE KEY `email_33` (`email`),
  UNIQUE KEY `email_34` (`email`),
  UNIQUE KEY `email_35` (`email`),
  UNIQUE KEY `email_36` (`email`),
  UNIQUE KEY `email_37` (`email`),
  UNIQUE KEY `email_38` (`email`),
  UNIQUE KEY `email_39` (`email`),
  UNIQUE KEY `email_40` (`email`),
  UNIQUE KEY `email_41` (`email`),
  UNIQUE KEY `email_42` (`email`),
  UNIQUE KEY `email_43` (`email`),
  UNIQUE KEY `email_44` (`email`),
  UNIQUE KEY `email_45` (`email`),
  UNIQUE KEY `email_46` (`email`),
  UNIQUE KEY `email_47` (`email`),
  UNIQUE KEY `email_48` (`email`),
  UNIQUE KEY `email_49` (`email`),
  UNIQUE KEY `email_50` (`email`),
  UNIQUE KEY `email_51` (`email`),
  UNIQUE KEY `email_52` (`email`),
  UNIQUE KEY `email_53` (`email`),
  UNIQUE KEY `email_54` (`email`),
  UNIQUE KEY `email_55` (`email`),
  UNIQUE KEY `email_56` (`email`),
  UNIQUE KEY `email_57` (`email`),
  UNIQUE KEY `email_58` (`email`),
  UNIQUE KEY `email_59` (`email`),
  UNIQUE KEY `email_60` (`email`),
  UNIQUE KEY `email_61` (`email`),
  UNIQUE KEY `email_62` (`email`),
  UNIQUE KEY `email_63` (`email`)
) ENGINE=InnoDB AUTO_INCREMENT=54 DEFAULT CHARSET=utf8mb4 COLLATE=utf8mb4_0900_ai_ci;

-- Dumping data for table medcare_db.users: ~20 rows (approximately)
DELETE FROM `users`;
INSERT INTO `users` (`id`, `name`, `email`, `phone`, `password`, `date_of_birth`, `gender`, `address`, `role`, `status_old`, `createdAt`, `updatedAt`, `avatar`, `status`) VALUES
	(1, 'Trung Tin Nguyen', 'user@gmail.com', '0912603680', '$2b$10$XNhcljAxlKb69PNsA9aLm.yod96DoeDpLBf8S2LCZdzMrRxK/exku', '2003-10-03', 'Nam', 'Tân Bình, Hậu Giang', 'user', 'active', '2025-06-07 17:29:12', '2025-06-30 07:13:46', '/uploads/1751267618841-964375017.jpg', 'pending'),
	(2, 'Admin ', 'admin@gmail.com', '0909090909', '$2b$10$.V3IBoFcGzrKyInr3OgwdO05F8XHzx6cN.Hewzyt/iFItDnk5kQ1y', '2025-06-02', 'Nam', 'Hậu Giang', 'admin', 'active', '2025-06-07 17:30:00', '2025-06-19 07:16:32', '/uploads/1750317392219-518914366.jpg', 'pending'),
	(3, 'Khang Đinh', 'doctor2@gmail.com', '0907651012', '$2b$10$hE4UXiIHgf1tmbwPB2.C1O/FYCuZ2YI26n6221Y7B/1xvAURdlXP6', '2025-06-03', 'Nam', 'Nam sông Hậu', 'doctor', 'active', '2025-06-07 18:10:49', '2025-06-21 16:21:46', '/uploads/1750494444856-85310643.jpg', 'approved'),
	(13, 'tin trung nguyen', 'doctor@gmail.com', NULL, '$2b$10$UXidEF7bnqQo6fL2csEA6OewB2C3lc18Xi/I104UcxJ2StWdN8JZG', NULL, NULL, NULL, 'doctor', 'active', '2025-06-21 11:38:34', '2025-06-21 16:21:44', '/uploads/default.png', 'approved'),
	(14, 'gia huy', 'doctor3@gmail.com', NULL, '$2b$10$PiWGl7LetyB0ghVFoypoEerGvxRdTmA.91cfu/ZrjX.DUUkugFXHS', NULL, NULL, NULL, 'doctor', 'active', '2025-06-21 12:41:07', '2025-06-21 16:16:57', '/uploads/default.png', 'approved'),
	(32, 'Nguyễn Trung Tín', 'doctor4@gmail.com', NULL, '$2b$10$/XlN64vCa90lEMRy/3nD/O5x7tJiYa2x4b9UVYVBXFA1A3UkWcI1C', NULL, NULL, NULL, 'doctor', NULL, '2025-06-21 17:02:07', '2025-06-21 17:24:35', '/uploads/default.png', 'approved'),
	(33, 'Phạm Gia Huy', 'doctor5@gmail.com', NULL, '$2b$10$80XOugN4GwMzRrVlugP6yeY/9aRMqaX2hui0LcnoEK9nDHy4t4Z4e', NULL, NULL, NULL, 'doctor', NULL, '2025-06-22 08:47:14', '2025-06-22 09:16:26', '/uploads/default.png', 'rejected'),
	(34, 'aaa', 'doctor7@gmail.com', NULL, '$2b$10$DibeOj4rLNw04O4EXi1HTOgQf/fJNJ0xUTrrqg4TXBrxBlM4.Aq02', NULL, NULL, NULL, 'doctor', NULL, '2025-06-22 09:16:05', '2025-06-22 09:16:28', '/uploads/default.png', 'rejected'),
	(35, 'Thiên ái', 'doctor6@gmail.com', NULL, '$2b$10$Uelp8MC8PNwte27kzRZwd.h5ns/XbbOPDpNGD/ISNeWPA3e.d4Ka2', NULL, NULL, NULL, 'doctor', NULL, '2025-06-23 04:51:22', '2025-06-23 04:52:12', '/uploads/default.png', 'approved'),
	(36, 'Nguyễn Gia Huy', 'user2@gmail.com', NULL, '$2b$10$sEUf6P6IME938LkCR0LfsexCERTVRJdIYBw2SyIGEEnlnyNB47tyO', NULL, NULL, NULL, 'user', NULL, '2025-06-23 13:30:55', '2025-06-23 13:30:55', '/uploads/default.png', 'pending'),
	(37, 'Tín', 'doctor8@gmail.com', NULL, '$2b$10$prjiLruoH9IhQJ4L6qYXZutY7KjpJvCJHI.1d7LLwnNhLkp4Bhtx.', NULL, NULL, NULL, 'doctor', NULL, '2025-06-28 08:10:56', '2025-06-30 07:22:23', '/uploads/default.png', 'approved'),
	(38, 'Tín', 'doctor9@gmail.com', NULL, '$2b$10$L00hSWsmIzNJP6i4usAeBOEuMhVseHljBOIsAj7RBHkAHexgVdecW', NULL, NULL, NULL, 'doctor', NULL, '2025-06-28 08:11:14', '2025-06-29 16:47:07', '/uploads/default.png', 'approved'),
	(39, 'Tín', 'doctor10@gmail.com', NULL, '$2b$10$YHUe.BHY6K/ACf3hf5aN6OeO1NL5wb674lbvf/Hm0lg6OV2oIJe3G', NULL, NULL, NULL, 'doctor', NULL, '2025-06-28 08:11:26', '2025-06-28 08:31:15', '/uploads/default.png', 'approved'),
	(40, 'test', 'doctor11@gmail.com', NULL, '$2b$10$WxO6eZ23KXwqSe/8Cgp4TOzdHWqXd8j4aSmxkE9q97PcVjWxqjnGi', NULL, NULL, NULL, 'doctor', NULL, '2025-06-28 08:24:41', '2025-06-29 11:03:49', '/uploads/default.png', 'rejected'),
	(41, 'bbbbb', 'bdoctor@gmail.com', NULL, '$2b$10$BuPLOu0Fsv1.FIYLlkJYIuAPa7.EM/dzo0ONY8Z/g3OYw0I9M2.o2', NULL, NULL, NULL, 'doctor', NULL, '2025-06-28 08:28:24', '2025-06-29 11:03:46', '/uploads/default.png', 'rejected'),
	(42, 'Đinh hà khang', 'user3@gmail.com', NULL, '$2b$10$lv5Asr.wVqCactzucoJnmOrAsSB6pLuvztDMG8bVIYilTn7iTnrE.', NULL, NULL, NULL, 'user', NULL, '2025-06-28 08:38:20', '2025-06-28 08:38:20', '/uploads/default.png', 'pending'),
	(48, 'Bác sĩ 12', 'doctor12@gmail.com', NULL, '$2b$10$q6poKlpXr0PXVqPb8L5UeuH1l1iFQJcm5P3RSilNvI.k19I4akOX.', NULL, NULL, NULL, 'doctor', NULL, '2025-06-29 10:58:58', '2025-06-29 11:03:59', '/uploads/default.png', 'approved'),
	(49, 'bác sĩ 13', 'doctor13@gmail.com', NULL, '$2b$10$QH4rU.XljZy4DXhGFhDcpe.orJyF7Ni5LKDc0W4cawKfqZgpQfaGW', NULL, NULL, NULL, 'doctor', NULL, '2025-06-29 10:59:09', '2025-06-29 11:03:58', '/uploads/default.png', 'approved'),
	(50, 'bác sĩ 14', 'doctor14@gmail.com', NULL, '$2b$10$PfsomFGQEhrGQlI1GwcPaOOAQ5C1L.aeCYETHsQxpkmQQPX5oWShy', NULL, NULL, NULL, 'doctor', NULL, '2025-06-29 10:59:24', '2025-06-29 11:03:57', '/uploads/default.png', 'approved'),
	(51, 'bác sĩ 155', 'doctor15@gmail.com', '09877333222', '$2b$10$ITP0XdNgCG9ukf5FCEaHJettWdI8neLGmaqI7GJX0eD//MKKIhWBm', '2025-06-20', 'Nam', 'Cần Thơ', 'doctor', NULL, '2025-06-29 10:59:36', '2025-06-30 08:04:37', '/uploads/default.png', 'approved'),
	(52, 'Bác sĩ Lê Văn An', 'bacsi@gmail.com', NULL, '$2b$10$/3Fk8.hLtE.hqrVaj.QbruIdINy340aAnAm3z5c.4Xlj7clpF3N3m', NULL, NULL, NULL, 'doctor', NULL, '2025-06-30 08:20:27', '2025-06-30 08:20:50', '/uploads/default.png', 'approved'),
	(53, 'Nguyễn Trung Tín', 'Ntin7142@gmail.com', NULL, '$2b$10$vE7Vrj9d10sQ99Tmwsmt9uCn.LcpQAgQgU9mvxWlVf1uqdREe0RW6', NULL, NULL, NULL, 'doctor', NULL, '2025-07-04 09:48:44', '2025-07-04 09:48:44', '/uploads/default.png', 'pending');

/*!40103 SET TIME_ZONE=IFNULL(@OLD_TIME_ZONE, 'system') */;
/*!40101 SET SQL_MODE=IFNULL(@OLD_SQL_MODE, '') */;
/*!40014 SET FOREIGN_KEY_CHECKS=IFNULL(@OLD_FOREIGN_KEY_CHECKS, 1) */;
/*!40101 SET CHARACTER_SET_CLIENT=@OLD_CHARACTER_SET_CLIENT */;
/*!40111 SET SQL_NOTES=IFNULL(@OLD_SQL_NOTES, 1) */;
